listing_no,title,description,price,model_simple,Art,Zustand,Hubraum (Ccm),Baujahr,Marke,Modell,Kilometer,Treibstoff,Aussenfarbe,Ab MFK,Art des Inserats,Letzte Änderung,Inseratnummer,Getriebeart,Antrieb
1,Honda CB500F Moto,"Offre exceptionnelle; cette moto est en état presque neuf, a fait très peu de kilomètres, services régulières et très bien entretenue.
Elle a 3600 kilomètres, avec en accessoire la parbrise et porte bagages SHAD avec coffre de 48 litres.
Die Offerte des Jahres, dieses Motorrad ist wie neu. Es hat nur 3600 Kilometer und ist mit zusätzlichem Windschild und SHAD Gepäckträger und Koffer mit 48Liter Kapazität ausgerüstet.
",CHF 6'900.–,Honda CB500F Moto,Gegenstand ,Neuwertig ,500 Cm3,2021 ,HONDA ,CB 500F,3'600 km,Benzin ,Schwarz ,,Angebot,18.03.2023,47421284,NA,NA
2,Honda CB500F,"Je vends une Honda CB 500 F de 2018
La moto a été soigneusement entretenue et toujours dormis sous un couvert.
La moto n'a jamais été accidentée.
Elle compte environ 9'000km.
Raison de la vente : Achat d'un autre véhicule
N'hésitez pas à me contacter pour tout complément d'information, de photo ou visite.
",CHF 5'200.– / Verhandlungspreis,Honda CB500F,Gegenstand ,Neuwertig ,500 Cm3,2018 ,HONDA ,CB500 F,9'000 km,NA,NA,NA,Angebot,22.03.2023,47495442,NA,NA
3,Honda CB500F,"Honda CB500F 2017 en très bon état. Les pneus sont comme neuf et les freins sont en orde. Les services ont toujours été effectués dans les délais constructeur. Le grand service + remplacement du kit chaîne à été effectué à 25'000 km. La moto a toujours dormi au sec.
Si intéressé, veuillez me contacter par téléphone ou par messagerie.
",CHF 4'700.–,Honda CB500F,Gegenstand ,Neuwertig ,500 Cm3,2017 ,HONDA ,CB500F,28'550 km,NA,Weiss ,NA,Angebot,19.03.2023,47320504,NA,NA
4,HONDA CB 500 F,"Allestimento supplementare:  Pneumatici nuovi  Proprietà veicolo:  Collaudata  Leasing posibbile  Lo scambio è possibile",CHF 7'690.–,HONDA CB 500 F,NA,NA,NA,2023 ,HONDA ,CB 500 F,1 km,Benzin ,Grau ,,Angebot,09.03.2023,47259317,Schaltgetriebe ,Hinterradantrieb 
5,HONDA CB 500F ,"Ich verkaufe mein wunderschönes Motorrad zwar nur ungerne, jedoch habe ich es in den letzten zwei Jahren kaum gebraucht und lasse es ungern einfach herumstehen. Dadurch hat das Motorrad seit 2016 nur 14500 Kilometer gemacht. Es ist noch in gutem Zustand und hat nur leichte Gebrauchsspuren. Bei Interesse melde Dich doch einfach mal. :)
Lg Bianca
Zusatzinfos:
Frisch ab MFK (04.08.2022)
Letzer Service bei 10'000km.
",CHF 4'500.– / Verhandlungspreis,HONDA CB 500F ,Gegenstand ,Geringe Gebrauchsspuren ,500 Cm3,NA,HONDA ,CB 500F,14'500 km,Benzin ,Grau ,NA,Angebot,20.03.2023,44224809,Schaltgetriebe ,Kette 
6,HONDA CB 500 F,"Proprietà veicolo:  Collaudata",CHF 7'690.–,HONDA CB 500 F,NA,NA,NA,2023 ,HONDA ,CB 500 F,1 km,Benzin ,Anthrazit ,,Angebot,17.02.2023,46966423,Schaltgetriebe ,Hinterradantrieb 
7,Location moto Honda CB500F 35kw,"La version rabaissée ou standard 
Rendez-vous près de chez toi: Chavornay, Echallens, Lausanne, Villeneuve
Options disponibles
Équipements de protection, veste, gants, casque
Kit d'exercice examen
Support téléphone GPS
Moto disponible pour le permis A35Kw
Permis provisoire bienvenue
Plus de choix sur Ride-me
",CHF 99.–,Location moto Honda CB500F 35kw,Gegenstand ,Neu ,500 Cm3,2023 ,HONDA ,CB500F,NA,NA,NA,NA,Angebot,12.03.2023,46922966,Schaltgetriebe ,NA
8,Honda CB500 F Moto,"Très bonne offre; cette moto est en très bon état, services régulières et très bien entretenue.
Elle a 22000 kilomètres, avec en accessoire la parbrise et porte bagages SHAD avec coffre de 48 litres.
Ganz tolle Offerte, dieses Motorrad ist in sehr gutem Zustand, regelmässige Services. Es hat 22000 Kilometer und ist mit zusätzlichem Windschild und SHAD Gepäckträger und Koffer mit 48Liter Kapazität ausgerüstet.
",CHF 4'300.–,Honda CB500 F Moto,Gegenstand ,Geringe Gebrauchsspuren ,500 Cm3,2018 ,HONDA ,CB500 F,22'000 km,Benzin ,Schwarz ,,Angebot,18.03.2023,47421115,NA,NA
9,Honda CB500 f,"Honda CB500 f
Diese Honda eignet sich hervorragen um die Prüfung A bis 35kw zu absolvieren. Sie ist wendig und leicht. Gewisse Manöver können bei der Prüfung einfach im Standgas ohne Kuppeln oder Bremsen absolviert werden. Die LSL Brems- und Kupplungshebel ermöglichen zudem ein besseres Feingefühl und sind leichter zu bedienen als die standard Ausführung.
KM-Stand aktuell: 7’100km
Letzte MFK 25.03.2022
Brems- und Kupplungshebel von LSL im FZ Ausweis eingetragen
Windschild von PUIG mit EG Eignungserklärung (Eintragungsfrei)
Die Honda kann in 4542 Luterbach besichtigt und Probe gefahren werden.
Preisverhandlungen nur vor Ort.
",CHF 5'200.–,Honda CB500 f,Gegenstand ,Neuwertig ,500 Cm3,2016 ,HONDA ,CB 500f,7'100 km,Benzin ,Anthrazit ,,Angebot,26.03.2023,44961771,Schaltgetriebe ,Kette 
10,HONDA CB 500 F,"H2 Umbau  - Blinker  - Heck  - Spiegel  H2  - Leovince Auspuffanlage  Umbau  Eigenschaften:  Ab MFK  Leasing ist möglich  Eintausch ist möglich  35 kW Kit vorhanden",CHF 9'280.–,HONDA CB 500 F,NA,NA,NA,2023 ,HONDA ,CB 500 F,7 km,Benzin ,Grau ,,Angebot,01.04.2023,47638943,Schaltgetriebe ,Hinterradantrieb 
11,HONDA CB 500 F,"Eigenschaften:  Ab MFK",CHF 7'870.–,HONDA CB 500 F,NA,NA,NA,2023 ,HONDA ,CB 500 F,54 km,Benzin ,NA,,Angebot,01.04.2023,47638923,Schaltgetriebe ,Hinterradantrieb 
12,Honda CB500 F,"Moto neuve avec 1540 km au compteur. Excellente moto pour passer le permis 35kw avec ABS.  Vendu avec crash bar moto.
Année 2021, moto toujours au garage
",CHF 7'450.– / Verhandlungspreis,Honda CB500 F,Gegenstand ,Neu ,500 Cm3,2021 ,HONDA ,CB500 F,1'540 km,NA,Schwarz ,NA,Angebot,27.03.2023,47129325,NA,NA
13,HONDA CB 500 F,"Eigenschaften:  Ab MFK  Leasing ist möglich",CHF 7'690.–,HONDA CB 500 F,NA,NA,NA,2023 ,HONDA ,CB 500 F,1 km,Benzin ,Gelb ,,Angebot,30.03.2023,47609338,Schaltgetriebe ,Hinterradantrieb 
14,HONDA CB 500 F,"Eigenschaften:  Ab MFK  Leasing ist möglich  Eintausch ist möglich",CHF 7'690.–,HONDA CB 500 F,NA,NA,NA,2023 ,HONDA ,CB 500 F,7 km,Benzin ,Schwarz ,,Angebot,24.03.2023,47523796,Schaltgetriebe ,Hinterradantrieb 
15,HONDA CB 500 F,"Super Angebot- nur 3600km-fast nie gebraucht. so gut wie neu, mit Windscheibe und Shade Gepäckgerüst und Koffer (48l).  Super offerta- solo 3600km- quasi mai usata. come nuova, con parabrezza e telaio e valigia Shade (48l).  Super offre- seulement 3600km-presque jamais utilisée. comme neuve, avec pare-brise et shade armature de bagages et valise (48l).  Super Angebot- nur 3600km-fast nie gebraucht. so gut wie neu, mit Windscheibe und Shade Gepäckgerüst und Koffer (48l).  Eigenschaften:  Ab MFK",CHF 6'900.–,HONDA CB 500 F,NA,NA,NA,2021 ,HONDA ,CB 500 F,3'600 km,Benzin ,Schwarz ,,Angebot,22.03.2023,47492955,Schaltgetriebe ,Hinterradantrieb 
16,HONDA CB 500 F,"Excellente moto pour passer le permis 35kw avec ABS. Vendu avec crash bar moto.  Propriétés véhicule:  Expertisée",CHF 7'450.–,HONDA CB 500 F,NA,NA,NA,2021 ,HONDA ,CB 500 F,1'540 km,Benzin ,Schwarz ,,Angebot,05.03.2023,47194885,Schaltgetriebe ,Hinterradantrieb 
17,HONDA CB 500 F,"Exkl. Ablieferungs- und Transport Pauschale 250.-   Inkl. Tankpad   Eigenschaften:  Ab MFK",CHF 7'690.–,HONDA CB 500 F,NA,NA,NA,2023 ,HONDA ,CB 500 F,10 km,Benzin ,Schwarz ,,Angebot,19.03.2023,47443575,Schaltgetriebe ,Hinterradantrieb 
18,HONDA CB 500 F,"Bei diesem Fahrzeug handelt es sich um ein NEUFAHRZEUG das bei uns Direct Performance in Bättwil steht.  - ab Service  - ab MFK  - exkl. Ablieferungspauschale  !!!! NEUFAHRZEUG !!!!  Eigenschaften:  Ab MFK  Leasing ist möglich  Eintausch ist möglich",CHF 7'690.–,HONDA CB 500 F,NA,NA,NA,2023 ,HONDA ,CB 500 F,1 km,Benzin ,Grau ,,Angebot,16.03.2023,47380107,Schaltgetriebe ,Hinterradantrieb 
19,HONDA CB 500 F,"Aktion für Fahranfänger, die ihren A-Limit-Führerschein noch keine 2 Jahre besitzen gibt es einen Rabatt von 500,-.   Jetzt kostet die CB500FA 7190,- anstatt 7690,- nur bis zum 31.05.2023  Aktionspreis  Eigenschaften:  Ab MFK",CHF 7'190.–,HONDA CB 500 F,NA,NA,NA,2023 ,HONDA ,CB 500 F,1 km,Benzin ,Grau ,,Angebot,15.03.2023,47358960,Schaltgetriebe ,Hinterradantrieb 
20,HONDA CB 500 F,"Eigenschaften:  Ab MFK",CHF 7'870.–,HONDA CB 500 F,NA,NA,NA,2023 ,HONDA ,CB 500 F,10 km,Benzin ,NA,,Angebot,11.03.2023,47290551,Schaltgetriebe ,Hinterradantrieb 
21,HONDA CB 500 F,"Eigenschaften:  Ab MFK",CHF 7'870.–,HONDA CB 500 F,NA,NA,NA,2023 ,HONDA ,CB 500 F,10 km,Benzin ,NA,,Angebot,11.03.2023,47290550,Schaltgetriebe ,Hinterradantrieb 
22,HONDA CB 500 F,guter Zustand\\\\Kundenauftrag: von Privat\\kein Eintausch möglich,CHF 4'900.–,HONDA CB 500 F,NA,NA,NA,2014 ,HONDA ,CB 500 F,24'137 km,Benzin ,NA,NA,Angebot,01.04.2023,47259128,Schaltgetriebe ,Hinterradantrieb 
23,HONDA CB 500 F,"Top  Eigenschaften:  Ab MFK",CHF 6'550.–,HONDA CB 500 F,NA,NA,NA,2022 ,HONDA ,CB 500 F,3'075 km,Benzin ,NA,,Angebot,09.03.2023,47259122,Schaltgetriebe ,Hinterradantrieb 
24,HONDA CB 500 F ABS,"Motorrad Zustand: Top  Die grosse Ausstellungshalle mit über 200 Occasions-Motorräder ist von Montag bis Samstag für freie Besichtigung und Verkauf geöffnet. Unser qualifiziertes Werkstattteam steht für Reparaturen und Service von Dienstag bis Freitag für Sie bereit.  3 Monate Garantie, MFK, ab Service, Eintausch, Leasing, Finanzierung, Barzahlung und Lieferung nach Absprache möglich.  Auf Wunsch und nach Absprache veranlassen wir auch die Zulassung, sobald Sie bei Ihrer Versicherung einen Versicherungsnachweis bestellt haben.  Die Bezahlung kann online, per EC oder durch Barzahlung erfolgen.  Bei Fragen oder Unsicherheiten können Sie uns telefonisch auf den Nummern 079 717 53 12 / 062 393 12 96 oder per Mail via Knopf [Anfrage] erreichen.  Jg. 2015, 471 ccm, 35 kW",CHF 5'900.–,HONDA CB 500 F ABS,NA,NA,NA,2015 ,HONDA ,CB 500 F ABS,9'400 km,NA,Mehrfarbig ,NA,Angebot,25.03.2023,47536361,NA,NA
25,Honda CB 500 F 35kw,"Honda CB 500 F 2022
35 kw
Garantie constructeur 3 ans
Leasing possible 120.-/mois sans apport
",CHF 6'490.–,Honda CB 500 F 35kw,Gegenstand ,Neu ,500 Cm3,2022 ,HONDA ,NA,2'000 km,NA,NA,NA,Angebot,22.03.2023,47494253,NA,NA
26,HONDA CB 500 F,"Eigenschaften:  Ab MFK",CHF 6'990.–,HONDA CB 500 F,NA,NA,NA,2021 ,HONDA ,CB 500 F,1'688 km,Benzin ,Schwarz ,,Angebot,05.03.2023,47194871,Schaltgetriebe ,Hinterradantrieb 
27,HONDA CB 500 F,"Véhicule disponible de suite !  Nous vous offrons les services pendant 2 ans !  - Financement possible pour ce véhicule.  Nous parlons français, anglais, portugais, italien et espagnol.  Votre agent officiel Honda, DaytonaShop.  2 ans de service Offert !  Equipement supplémentaire:  Pneus neufs  Propriétés véhicule:  Expertisée  Leasing possible  L'echange est possible",CHF 7'690.–,HONDA CB 500 F,NA,NA,NA,2023 ,HONDA ,CB 500 F,1 km,Benzin ,Rot ,,Angebot,03.03.2023,47166986,Schaltgetriebe ,Hinterradantrieb 
28,HONDA CB 500 F,"Véhicule disponible de suite !  Nous vous offrons les services pendant 2 ans !  - Financement possible pour ce véhicule.  Nous parlons français, anglais, portugais, italien et espagnol.  Votre agent officiel Honda, DaytonaShop.  2 ans de service Offert !!   Equipement supplémentaire:  Pneus neufs  Propriétés véhicule:  Expertisée  Leasing possible  L'echange est possible",CHF 7'690.–,HONDA CB 500 F,NA,NA,NA,2023 ,HONDA ,CB 500 F,1 km,Benzin ,Gelb ,,Angebot,03.03.2023,47166985,Schaltgetriebe ,Hinterradantrieb 
29,HONDA CB 500 F,"Eigenschaften:  Ab MFK",CHF 7'690.–,HONDA CB 500 F,NA,NA,NA,2023 ,HONDA ,CB 500 F,1 km,Benzin ,Grau ,,Angebot,02.03.2023,47151422,Schaltgetriebe ,Hinterradantrieb 
30,Honda CB 500 F,"Je vends ma Honda CB500 F de 2017 expertisée en 09.22 et en très bon état et seulement avec 7658km. Le filtre et le huile du moteur ont été changés. La moto est encore immatriculée, j'ai plaques interchangeables, et c'est possible faire un tour essai. 
Les pneus sont en très bon état.
Je ne suis pas pressé à la vendre car elle fonctionne super bien et a une consommation très basse.
Idéalement pour débutants. 
Bonne route. 
Des propositions ridicules n'auront pas de réponse ! 
",CHF 5'100.–,Honda CB 500 F,Gegenstand ,Neuwertig ,500 Cm3,2017 ,HONDA ,CB500F,7'658 km,Benzin ,Anthrazit ,NA,Angebot,11.03.2023,46895097,Schaltgetriebe ,Kette 
31,HONDA CB 500 F ABS,Zubehör: Batterieladegerät (für Ûberwinterung),CHF 4'900.–,HONDA CB 500 F ABS,NA,NA,NA,2019 ,HONDA ,CB 500 F ABS,3'500 km,Benzin ,Orange ,NA,Angebot,30.03.2023,47399709,Schaltgetriebe ,Hinterradantrieb 
32,HONDA CB 500 F ABS,"REPRISE VÉHICULE - LIVRAISON  A vendre Magnifique HONDA CB 500 FA ABS  Année 2020 / 17’000 Km  Puissance : 35 kW , idéal pour permis A 35KW à partir de 18 ans !  Service effectué ! Avec carnet de service !  Pneu arrière Neuf !  Écran avec affichage de la vitesse engagée !  Avec les 2 clés !  Pas de frais à prévoir, simplement immatriculer et rouler !  Livraison du véhicule également possible !   ///REGARDEZ AUSSI MES AUTRES ANNONCES///  ABS / Livraison possible !  Propriétés véhicule:  Expertisée",CHF 4'900.–,HONDA CB 500 F ABS,NA,NA,NA,2020 ,HONDA ,CB 500 F ABS,17'000 km,Benzin ,Weiss ,,Angebot,25.02.2023,47082760,Schaltgetriebe ,Hinterradantrieb 
33,Honda CB  500 F,"Je vous propose ma honda CBF 500
Ideal jeune conducteur, moto légère et agile en ville comme en montagne.
moto n’ayant jamais été accidentée.
Pneu bon etat.
Disques et plaquette de frein bon état.
Vidange complète effectuée en fin d’année 2022.
Complètement d’origine.
Sera expertisée avant la vente.
",CHF 2'500.–,Honda CB  500 F,Gegenstand ,Geringe Gebrauchsspuren ,500 Cm3,2004 ,HONDA ,CB 500,21'437 km,Benzin ,Blau ,NA,Angebot,11.03.2023,47277986,Schaltgetriebe ,Kette 
34,HONDA CB 500 F,"Véhicule neuf, visible en magasin, essai sur rendez-vous, leasing possible  New vehicle, visible in store, test drive by appointment, leasing possible  Propriétés véhicule:  Expertisée",CHF 7'690.–,HONDA CB 500 F,NA,NA,NA,2023 ,HONDA ,CB 500 F,1 km,Benzin ,Anthrazit ,,Angebot,09.03.2023,47258509,Schaltgetriebe ,Hinterradantrieb 
35,HONDA CB 500 F ABS,"nachgerüstet mit:  - Griffheizung (mehrstufig)  - Windschild  - Sturzbügel  - Hauptständer  - Topcase  mit Zusatzausstattung  Eigenschaften:  Ab MFK",CHF 6'000.–,HONDA CB 500 F ABS,NA,NA,NA,2020 ,HONDA ,CB 500 F ABS,10'168 km,Benzin ,Mehrfarbig ,,Angebot,27.03.2023,47560884,Schaltgetriebe ,Hinterradantrieb 
36,HONDA CB 500 F,"Promotions-Bonus von Fr.500.- Exkl. Ablieferpauschale ! Verlangen Sie auch eine unverbindliche Versicherungsofferte! So und jetzt ab zum Schlatter !!!  NEU, ab Lager !  Extras:  Neu bereift  Eigenschaften:  Ab MFK  Leasing ist möglich  Eintausch ist möglich",CHF 7'190.–,HONDA CB 500 F,NA,NA,NA,2023 ,HONDA ,CB 500 F,1 km,Benzin ,Rot ,,Angebot,15.03.2023,47020175,Schaltgetriebe ,Hinterradantrieb 
37,HONDA CB 500 F,"Ab Lager lieferbar.  BRIVEMO Motos: Ihr Honda Partner im Herzen der Schweiz!  Back in Black! Demomoto  Eigenschaften:  Ab MFK  Leasing ist möglich  Eintausch ist möglich",CHF 6'990.–,HONDA CB 500 F,NA,NA,NA,2023 ,HONDA ,CB 500 F,350 km,Benzin ,Schwarz ,,Angebot,23.03.2023,46984724,Schaltgetriebe ,Hinterradantrieb 
38,HONDA CB 500 F,"Ab Lager Lieferbar!  4 Jahre Werksgarantie!  Eine Lieferung zu Ihnen nach Hause, ist gegen Aufpreis von Fr.100.- pro Stunde Fahrzeit möglich.  AKTIONSPREIS  Eigenschaften:  Ab MFK",CHF 7'190.–,HONDA CB 500 F,NA,NA,NA,2023 ,HONDA ,CB 500 F,1 km,Benzin ,Rot ,,Angebot,17.02.2023,46966390,Schaltgetriebe ,Hinterradantrieb 
39,Honda CB500 F,"Vend avec regret une super moto. 
Idéale pour faire le permis jusqu’à 35 kW et possible de faire le supérieur aussi. 
Moto originale sans modification, seuls des crashpad ont été ajouté et n’ont jamais vu la couleur du bitume.
Moto ayant toujours dormi à l’abris.
",CHF 6'500.– / Verhandlungspreis,Honda CB500 F,Gegenstand ,Neuwertig ,500 Cm3,2018 ,HONDA ,CB 500FA 35KW,9'488 km,Benzin ,Blau ,NA,Angebot,27.03.2023,47129063,Schaltgetriebe ,NA
40,HONDA CB 500 F,"MODELL 2023  Modell 2023  Extras:  Neu bereift  Eigenschaften:  Ab MFK",CHF 7'690.–,HONDA CB 500 F,NA,NA,NA,2023 ,HONDA ,CB 500 F,1 km,Benzin ,Schwarz ,,Angebot,05.02.2023,46771524,Schaltgetriebe ,Hinterradantrieb 
41,HONDA CB 500 F ABS,"!!! Sehr gepflegtes Motorrad mit wenig Kilometer !!!  - ab Service   - MFK gültig bis 2024  - 3 Monate Garantie  !!!! Sehr gepflegtes Fahrzeug mit wenig Kilometer !!!!  Eigenschaften:  Ab MFK  Eintausch ist möglich",CHF 5'690.–,HONDA CB 500 F ABS,NA,NA,NA,2019 ,HONDA ,CB 500 F ABS,11'058 km,Benzin ,Weiss ,,Angebot,23.02.2023,47049871,Schaltgetriebe ,Hinterradantrieb 
42,HONDA CB 500 F,"-Comme neuve / Non accidentée   -Tous services faits et à jour   -Rétroviseurs End-Bars  -Kit Crash Pads   -Échappement Ixrace homologué   -Support de plaque ar court   Propriétés véhicule:  Expertisée",CHF 6'690.–,HONDA CB 500 F,NA,NA,NA,2021 ,HONDA ,CB 500 F,8'000 km,Benzin ,Schwarz ,,Angebot,18.02.2023,46984848,Schaltgetriebe ,Hinterradantrieb 
43,HONDA CB 500 F ABS,"Motorrad Zustand: Top  Die grosse Ausstellungshalle mit über 200 Occasions-Motorräder ist von Montag bis Samstag für freie Besichtigung und Verkauf geöffnet. Unser qualifiziertes Werkstattteam steht für Reparaturen und Service von Dienstag bis Freitag für Sie bereit.  3 Monate Garantie, Eintausch, Finanzierung, Barzahlung und Lieferung nach Absprache möglich.  Auf Wunsch und nach Absprache veranlassen wir auch die Zulassung, sobald Sie bei Ihrer Versicherung einen Versicherungsnachweis bestellt haben.  Die Bezahlung kann online, per EC oder durch Barzahlung erfolgen.  Bei Fragen oder Unsicherheiten können Sie uns telefonisch auf den Nummern 079 717 53 12 / 062 393 12 96 oder per Mail via Knopf [Anfrage] erreichen.  Jg. 2014, 471 ccm, 35 kW",CHF 5'900.–,HONDA CB 500 F ABS,NA,NA,NA,2014 ,HONDA ,CB 500 F ABS,18'900 km,NA,Rot ,NA,Angebot,18.02.2023,46984893,NA,NA
44,HONDA CB 500 F ABS,"Motorrad Zustand: Top  Die grosse Ausstellungshalle mit über 200 Occasions-Motorräder ist von Montag bis Samstag für freie Besichtigung und Verkauf geöffnet. Unser qualifiziertes Werkstattteam steht für Reparaturen und Service von Dienstag bis Freitag für Sie bereit.  3 Monate Garantie, Eintausch, Finanzierung, Barzahlung und Lieferung nach Absprache möglich.  Auf Wunsch und nach Absprache veranlassen wir auch die Zulassung, sobald Sie bei Ihrer Versicherung einen Versicherungsnachweis bestellt haben.  Die Bezahlung kann online, per EC oder durch Barzahlung erfolgen.  Bei Fragen oder Unsicherheiten können Sie uns telefonisch auf den Nummern 079 717 53 12 / 062 393 12 96 oder per Mail via Knopf [Anfrage] erreichen.  Jg. 2013, 471 ccm, 35 kW",CHF 5'500.–,HONDA CB 500 F ABS,NA,NA,NA,2013 ,HONDA ,CB 500 F ABS,20'300 km,NA,Weiss ,NA,Angebot,18.02.2023,46984891,NA,NA
45,HONDA CB 500 F ABS,"Neuwertiges Motorrad  Eigenschaften:  Ab MFK",CHF 5'600.–,HONDA CB 500 F ABS,NA,NA,NA,2020 ,HONDA ,CB 500 F ABS,3'500 km,Benzin ,Schwarz ,,Angebot,27.03.2023,47492940,Schaltgetriebe ,Hinterradantrieb 
46,HONDA CB 500 F,"MOTO ELIGIBLE AU PERMIS 35 kW A LIMITE  Equipement supplémentaire:  Pneus neufs  Propriétés véhicule:  Expertisée  Leasing possible",CHF 7'690.–,HONDA CB 500 F,NA,NA,NA,2023 ,HONDA ,CB 500 F,1 km,Benzin ,Schwarz ,,Angebot,14.02.2023,46920196,Schaltgetriebe ,Hinterradantrieb 
47,HONDA CB 500 F,"Neupreis 7690.- Aktionspreis 7190.-  Aktionspreis nur gültig mit Lernfahrausweis.  Verkaufspreis plus Chf.200.- Bereitstellungs- und Ablieferungspauschale.  Garantie Neufahrzeuge ab 1. Inv. 48 Monate.  Eigenschaften:  Ab MFK",CHF 7'190.–,HONDA CB 500 F,NA,NA,NA,2023 ,HONDA ,CB 500 F,1 km,Benzin ,NA,,Angebot,10.03.2023,47151568,Schaltgetriebe ,Hinterradantrieb 
48,HONDA CB 500 F ABS,"Jetzt vorbestellen !!! sofort lieferbar in rot und schwarz !!!  sofort lieferbar !!! 36 Monate Garantie !!!  Eigenschaften:  Ab MFK  Leasing ist möglich  Eintausch ist möglich  35 kW Kit vorhanden",CHF 7'460.–,HONDA CB 500 F ABS,NA,NA,NA,2021 ,HONDA ,CB 500 F ABS,1 km,Benzin ,Rot ,,Angebot,02.03.2023,47151089,Schaltgetriebe ,Hinterradantrieb 
49,HONDA CB 500 F ABS,"Motorrad Zustand: Top  Die grosse Ausstellungshalle mit über 200 Occasions-Motorräder ist von Montag bis Samstag für freie Besichtigung und Verkauf geöffnet. Unser qualifiziertes Werkstattteam steht für Reparaturen und Service von Dienstag bis Freitag für Sie bereit.  3 Monate Garantie, Eintausch, Finanzierung, Barzahlung und Lieferung nach Absprache möglich.  Auf Wunsch und nach Absprache veranlassen wir auch die Zulassung, sobald Sie bei Ihrer Versicherung einen Versicherungsnachweis bestellt haben.  Die Bezahlung kann online, per EC oder durch Barzahlung erfolgen.  Bei Fragen oder Unsicherheiten können Sie uns telefonisch auf den Nummern 079 717 53 12 / 062 393 12 96 oder per Mail via Knopf [Anfrage] erreichen.  Jg. 2018, 471 ccm, 35 kW",CHF 6'900.–,HONDA CB 500 F ABS,NA,NA,NA,2018 ,HONDA ,CB 500 F ABS,9'200 km,NA,Rot ,NA,Angebot,10.02.2023,46861574,NA,NA
50,HONDA CB 500 F,"Demomodell.  Fahrzeug wurde 2023 in verkehr gesetzt und wird erst nach Ablauf der Demozeit verkauft, kann aber schon reserviert werden.  Zubehör: Sturzpads, Felgendecor und Tankschutz  Tade-IN/Trade-Up Aktion  Wir möchten eine Unterstützung für den Eintausch eines 125er-Motorrads bei der Zulassung eines neuen Motorrads der Klasse A2 einführen.  Als Rabatt:  - CHF 500.– beim Kauf einer CB300R/CB500F/CBR500  - CHF 650.– beim Kauf einer CB650R/CBR650  Sport-Kit. Tade-IN/Trade-Up Aktion - Demomodell  Eigenschaften:  Ab MFK  Leasing ist möglich  Eintausch ist möglich",CHF 7'075.–,HONDA CB 500 F,NA,NA,NA,2023 ,HONDA ,CB 500 F,500 km,Benzin ,Rot ,,Angebot,17.02.2023,46845776,Schaltgetriebe ,Hinterradantrieb 
51,HONDA CB 500 F ABS,"Propriétés véhicule:  Expertisée",CHF 6'000.–,HONDA CB 500 F ABS,NA,NA,NA,2020 ,HONDA ,CB 500 F ABS,3'792 km,Benzin ,Orange ,,Angebot,22.03.2023,46753027,Schaltgetriebe ,Hinterradantrieb 
52,HONDA CB 500 F,"Service jusqu’à 10000 km fait! Comme neuf . Dors toujours dans un garage   Propriétés véhicule:  Expertisée",CHF 5'600.–,HONDA CB 500 F,NA,NA,NA,2021 ,HONDA ,CB 500 F,2'900 km,Benzin ,Schwarz ,,Angebot,28.03.2023,46984864,Schaltgetriebe ,Hinterradantrieb 
53,HONDA CB 500 F,"Motorrad ist neuwertig. Kaum Kilometer mit Werksgarantie. Perfektes Einsteiger Motorrad.  *** Neuwertig ***  Eigenschaften:  Ab MFK  Leasing ist möglich  Eintausch ist möglich",CHF 6'490.–,HONDA CB 500 F,NA,NA,NA,2021 ,HONDA ,CB 500 F,1'498 km,Benzin ,Schwarz ,,Angebot,11.01.2023,46419697,Schaltgetriebe ,Hinterradantrieb 
54,HONDA CB 500 F,"Eigenschaften:  Ab MFK",CHF 6'190.–,HONDA CB 500 F,NA,NA,NA,2021 ,HONDA ,CB 500 F,2'750 km,Benzin ,Gelb ,,Angebot,07.01.2023,46363160,Schaltgetriebe ,Hinterradantrieb 
55,HONDA CB 500 F Aktionspreis,"Neupreis 7690.- Aktionspreis 7190.-  Aktionspreis nur gültig mit Lernfahrausweis.  Verkaufspreis plus Chf.200.- Bereitstellungs- und Ablieferungspauschale.  Garantie Neufahrzeuge ab 1. Inv. 48 Monate.  Eigenschaften:  Ab MFK",CHF 7'190.–,HONDA CB 500 F Aktionspreis,NA,NA,NA,2023 ,HONDA ,CB 500 F Aktionspreis,1 km,Benzin ,NA,,Angebot,02.03.2023,47151563,Schaltgetriebe ,Hinterradantrieb 
56,HONDA CB 500 F ABS,"Kundenauftrag: Bitte direkt beim Kunden melden! 079 854 87 79  Inkl. Seitentaschen-Set, Navigation und eingetragener Tieferlegung.  Eigenschaften:  Ab MFK",CHF 5'900.–,HONDA CB 500 F ABS,NA,NA,NA,2020 ,HONDA ,CB 500 F ABS,5'200 km,Benzin ,Schwarz ,,Angebot,15.01.2023,46471326,Schaltgetriebe ,Hinterradantrieb 
57,HONDA CB 500 F,"Neu, ab Lager verfügbar, Preis inklusive Nebenkosten  Eigenschaften:  Ab MFK",CHF 7'850.–,HONDA CB 500 F,NA,NA,NA,2023 ,HONDA ,CB 500 F,8 km,Benzin ,Grau ,,Angebot,27.01.2023,46630165,Schaltgetriebe ,Hinterradantrieb 
58,HONDA CB 500 F,"Sie möchten das Motorrad Probefahren, ein Fahrzeug eintauschen oder ein Finanzierungs- / Leasings-Angebot? Besuchen Sie uns am besten während unseren Öffnungszeiten in unserem Showroom in Luzern oder rufen Sie uns an unter Tel. 041 259 01 11  Eigenschaften:  Ab MFK",CHF 6'690.–,HONDA CB 500 F,NA,NA,NA,2022 ,HONDA ,CB 500 F,3'000 km,Benzin ,Grau ,,Angebot,27.01.2023,46630149,Schaltgetriebe ,Hinterradantrieb 
59,HONDA CB 500 F,"Ab Lager Lieferbar!  4 Jahre Werksgarantie!  Eine Lieferung zu Ihnen nach Hause, ist gegen Aufpreis von Fr.100.- pro Stunde Fahrzeit möglich.  AKTIONSPREIS  Eigenschaften:  Ab MFK",CHF 7'190.–,HONDA CB 500 F,NA,NA,NA,2022 ,HONDA ,CB 500 F,1 km,Benzin ,Gelb ,,Angebot,17.02.2023,46115552,Schaltgetriebe ,Hinterradantrieb 
60,HONDA CB 500 F,"Ab Lager Lieferbar!  4 Jahre Werksgarantie!  Eine Lieferung zu Ihnen nach Hause, ist gegen Aufpreis von Fr.100.- pro Stunde Fahrzeit möglich.  AKTIONSPREIS  Eigenschaften:  Ab MFK",CHF 7'190.–,HONDA CB 500 F,NA,NA,NA,2022 ,HONDA ,CB 500 F,1 km,Benzin ,Grau ,,Angebot,17.02.2023,46115551,Schaltgetriebe ,Hinterradantrieb 
61,HONDA CB 500 F,"Ab Lager Lieferbar!  4 Jahre Werksgarantie!  Eine Lieferung zu Ihnen nach Hause, ist gegen Aufpreis von Fr.100.- pro Stunde Fahrzeit möglich.  AKTIONSPREIS  Eigenschaften:  Ab MFK",CHF 7'190.–,HONDA CB 500 F,NA,NA,NA,2022 ,HONDA ,CB 500 F,1 km,Benzin ,Schwarz ,,Angebot,17.02.2023,46115550,Schaltgetriebe ,Hinterradantrieb 
62,HONDA CB 500 F,"Equipement supplémentaire:  Pneus neufs  Propriétés véhicule:  Expertisée  Leasing possible  L'echange est possible",CHF 6'990.–,HONDA CB 500 F,NA,NA,NA,2022 ,HONDA ,CB 500 F,325 km,Benzin ,Gelb ,,Angebot,18.02.2023,46010803,Schaltgetriebe ,Hinterradantrieb 
63,HONDA CB 500 F,"Eigenschaften:  Ab MFK  Leasing ist möglich  Eintausch ist möglich",CHF 6'400.–,HONDA CB 500 F,NA,NA,NA,2022 ,HONDA ,CB 500 F,1 km,Benzin ,Gelb ,,Angebot,05.03.2023,47194844,Schaltgetriebe ,Hinterradantrieb 
64,Honda CB 500 F ABS 2014 4200 km 35 kW,"Honda CB 500 F ABS
Inverkehrssetzung: 07.04.2014
Tachostand: 4'200 km
Farbe: weiss
Hubraum: 471 ccm
Leistung: 35 kW
Typenscheinnr: 6HA422
Motorrad Zustand: Top
Die grosse Ausstellungshalle mit über 700 Occasions-Motorräder ist von Montag bis Samstag für freie Besichtigung und Verkauf geöffnet. Unser qualifiziertes Werkstattteam steht für Reparaturen und Service von Dienstag bis Freitag für Sie bereit.
3 Monate Garantie, MFK, ab Service, Eintausch, Leasing, Finanzierung, Barzahlung und Lieferung nach Absprache möglich.
Auf Wunsch und nach Absprache veranlassen wir auch die Zulassung, sobald Sie bei Ihrer Versicherung einen Versicherungsnachweis bestellt haben.
Die Bezahlung kann online, per EC oder durch Barzahlung erfolgen.
Bei Fragen oder Unsicherheiten können Sie uns telefonisch oder per Mail via [Nachricht schreiben] erreichen.
",CHF 5'500.–,Honda CB 500 F ABS 2014 4200 km 35 kW,Gegenstand ,Geringe Gebrauchsspuren ,500 Cm3,2014 ,HONDA ,CB 500 F ABS,4'200 km,NA,Weiss ,,Angebot,31.03.2023,47628785,NA,NA
65,Honda CB 500 F ABS 2015 41700 km 35 kW,"Honda CB 500 F ABS
Inverkehrssetzung: 12.08.2015
Tachostand: 41'700 km
Farbe: weiss
Hubraum: 471 ccm
Leistung: 35 kW
Typenscheinnr: 6HA422
Motorrad Zustand: Top
Die grosse Ausstellungshalle mit über 700 Occasions-Motorräder ist von Montag bis Samstag für freie Besichtigung und Verkauf geöffnet. Unser qualifiziertes Werkstattteam steht für Reparaturen und Service von Dienstag bis Freitag für Sie bereit.
3 Monate Garantie, MFK, ab Service, Eintausch, Leasing, Finanzierung, Barzahlung und Lieferung nach Absprache möglich.
Auf Wunsch und nach Absprache veranlassen wir auch die Zulassung, sobald Sie bei Ihrer Versicherung einen Versicherungsnachweis bestellt haben.
Die Bezahlung kann online, per EC oder durch Barzahlung erfolgen.
Bei Fragen oder Unsicherheiten können Sie uns telefonisch oder per Mail via [Nachricht schreiben] erreichen.
",CHF 4'500.–,Honda CB 500 F ABS 2015 41700 km 35 kW,Gegenstand ,Geringe Gebrauchsspuren ,500 Cm3,2015 ,HONDA ,CB 500 F ABS,41'700 km,NA,Weiss ,,Angebot,30.03.2023,47616565,NA,NA
66,HONDA CB 500 F,"La moto est en parfait état, vendu expertisée avec une garantie d'usine Honda de 48 mois dès la première mise en circulation.  Le véhicule est vendu avec 2ans de service inclus. (Offre spécial)  -Le financement est possible pour ce véhicule.  Nous parlons français, anglais, italien, espagnol et portugais.  Votre agent officiel Honda, DaytonaShop  2 ans de service Offert !!   Equipement supplémentaire:  Pneus neufs  Propriétés véhicule:  Expertisée  Leasing possible  L'echange est possible",CHF 7'690.–,HONDA CB 500 F,NA,NA,NA,2023 ,HONDA ,CB 500 F,1 km,Benzin ,Grau ,,Angebot,02.03.2023,45963782,Schaltgetriebe ,Hinterradantrieb 
67,HONDA CB 500 F,"Propriétés véhicule:  Expertisée",CHF 6'200.–,HONDA CB 500 F,NA,NA,NA,2021 ,HONDA ,CB 500 F,6'680 km,Benzin ,Schwarz ,,Angebot,01.12.2022,45936715,Schaltgetriebe ,Hinterradantrieb 
68,Honda CB 500 F ABS 2015 9400 km 35 kW,"Honda CB 500 F ABS
Inverkehrssetzung: 06.05.2015
Tachostand: 9'400 km
Farbe: weiss/rot
Hubraum: 471 ccm
Leistung: 35 kW
Typenscheinnr: 6HA422
Motorrad Zustand: Top
Die grosse Ausstellungshalle mit über 200 Occasions-Motorräder ist von Montag bis Samstag für freie Besichtigung und Verkauf geöffnet. Unser qualifiziertes Werkstattteam steht für Reparaturen und Service von Dienstag bis Freitag für Sie bereit.
3 Monate Garantie, MFK, ab Service, Eintausch, Leasing, Finanzierung, Barzahlung und Lieferung nach Absprache möglich.
Auf Wunsch und nach Absprache veranlassen wir auch die Zulassung, sobald Sie bei Ihrer Versicherung einen Versicherungsnachweis bestellt haben.
Die Bezahlung kann online, per EC oder durch Barzahlung erfolgen.
Bei Fragen oder Unsicherheiten können Sie uns telefonisch oder per Mail via [Nachricht schreiben] erreichen.
",CHF 5'900.–,Honda CB 500 F ABS 2015 9400 km 35 kW,Gegenstand ,Geringe Gebrauchsspuren ,500 Cm3,2015 ,HONDA ,CB 500 F ABS,9'400 km,NA,NA,NA,Angebot,24.03.2023,47527293,NA,NA
69,"HONDA CB 500 F ABS (35kW) New Model,AB LAGER!","Neufahrzeug mit 0 Kilometer ab Lager lieferbar mit 48 Monaten Werksgarantie. Exkl. Bereitstellungskosten.  Ab Lager lieferbar!  Extras:  Neu bereift  Eigenschaften:  Ab MFK",CHF 7'690.–,"HONDA CB 500 F ABS (35kW) New Model,AB LAGER!",NA,NA,NA,2023 ,HONDA ,"CB 500 F ABS (35kW) New Model,AB LAGER!",1 km,Benzin ,Schwarz ,,Angebot,01.04.2023,47638986,Schaltgetriebe ,Hinterradantrieb 
70,HONDA CB 500 F,"Aktion für Fahranfänger, die ihren A-Limit-Führerschein noch keine 2 Jahre besitzen gibt es einen Rabatt von 500,-.   Jetzt kostet die CB500FA 7190,- anstatt 7690,- nur bis zum 31.05.2023  Aktionspreis  Eigenschaften:  Ab MFK",CHF 7'190.–,HONDA CB 500 F,NA,NA,NA,2022 ,HONDA ,CB 500 F,1 km,Benzin ,Grau ,,Angebot,15.03.2023,45772264,Schaltgetriebe ,Hinterradantrieb 
71,HONDA CB 500 F,"Eigenschaften:  Ab MFK",CHF 7'190.–,HONDA CB 500 F,NA,NA,NA,2022 ,HONDA ,CB 500 F,1 km,Benzin ,Grau ,,Angebot,06.01.2023,45772130,Schaltgetriebe ,Hinterradantrieb 
72,HONDA CB 500 F,"Eigenschaften:  Ab MFK",CHF 7'190.–,HONDA CB 500 F,NA,NA,NA,2022 ,HONDA ,CB 500 F,1 km,Benzin ,Grau ,,Angebot,06.01.2023,45772128,Schaltgetriebe ,Hinterradantrieb 
73,Honda CB 500 F ABS 2013 17500 km 35 kW,"Honda CB 500 F ABS
Inverkehrssetzung: 08.05.2013
Tachostand: 17'500 km
Farbe: weiss
Hubraum: 471 ccm
Leistung: 35 kW
Typenscheinnr: 6HA422
Motorrad Zustand: Top
Die grosse Ausstellungshalle mit über 200 Occasions-Motorräder ist von Montag bis Samstag für freie Besichtigung und Verkauf geöffnet. Unser qualifiziertes Werkstattteam steht für Reparaturen und Service von Dienstag bis Freitag für Sie bereit.
3 Monate Garantie, MFK, ab Service, Eintausch, Leasing, Finanzierung, Barzahlung und Lieferung nach Absprache möglich.
Auf Wunsch und nach Absprache veranlassen wir auch die Zulassung, sobald Sie bei Ihrer Versicherung einen Versicherungsnachweis bestellt haben.
Die Bezahlung kann online, per EC oder durch Barzahlung erfolgen.
Bei Fragen oder Unsicherheiten können Sie uns telefonisch oder per Mail via [Nachricht schreiben] erreichen.
",CHF 5'500.–,Honda CB 500 F ABS 2013 17500 km 35 kW,Gegenstand ,Geringe Gebrauchsspuren ,500 Cm3,2013 ,HONDA ,CB 500 F ABS,17'500 km,NA,Weiss ,NA,Angebot,18.03.2023,47420935,NA,NA
74,HONDA CB 500 F,"Ab Service  Eigenschaften:  Ab MFK",CHF 6'600.–,HONDA CB 500 F,NA,NA,NA,2022 ,HONDA ,CB 500 F,2'600 km,Benzin ,Grau ,,Angebot,16.11.2022,45745225,Schaltgetriebe ,Hinterradantrieb 
75,Honda CB 500 F ABS 2015 21900 km 35 kW,"Honda CB 500 F ABS
Inverkehrssetzung: 22.04.2015
Tachostand: 21'900 km
Farbe: rot
Hubraum: 471 ccm
Leistung: 35 kW
Typenscheinnr: 6HA422
Motorrad Zustand: Top
Die grosse Ausstellungshalle mit über 700 Occasions-Motorräder ist von Montag bis Samstag für freie Besichtigung und Verkauf geöffnet. Unser qualifiziertes Werkstattteam steht für Reparaturen und Service von Dienstag bis Freitag für Sie bereit.
3 Monate Garantie, MFK, ab Service, Eintausch, Leasing, Finanzierung, Barzahlung und Lieferung nach Absprache möglich.
Auf Wunsch und nach Absprache veranlassen wir auch die Zulassung, sobald Sie bei Ihrer Versicherung einen Versicherungsnachweis bestellt haben.
Die Bezahlung kann online, per EC oder durch Barzahlung erfolgen.
Bei Fragen oder Unsicherheiten können Sie uns telefonisch oder per Mail via [Nachricht schreiben] erreichen.
",CHF 5'900.–,Honda CB 500 F ABS 2015 21900 km 35 kW,Gegenstand ,Geringe Gebrauchsspuren ,500 Cm3,2015 ,HONDA ,CB 500 F ABS,21'900 km,NA,Rot ,NA,Angebot,15.03.2023,47361474,NA,NA
76,"HONDA CB 500 F, 8400 km","Parfait état, expertisée du jour,
Sort du service, garantie 3 mois.
35 kW,
ABS,
Crash pads,
Possibilité de financement (crédit, leasing),
Reprise possible sur scooter ou moto.
",CHF 5'500.–,"HONDA CB 500 F, 8400 km",Gegenstand ,Neuwertig ,500 Cm3,2016 ,HONDA ,CB 500 F,8'400 km,NA,Weiss ,,Angebot,16.03.2023,44263644,NA,NA
77,Honda CB 500 F ABS 2014 11200 km 35 kW,"Honda CB 500 F ABS
Inverkehrssetzung: 14.08.2014
Tachostand: 11'200 km
Farbe: weiss
Hubraum: 471 ccm
Leistung: 35 kW
Typenscheinnr: 6HA422
Motorrad Zustand: Top
Die grosse Ausstellungshalle mit über 700 Occasions-Motorräder ist von Montag bis Samstag für freie Besichtigung und Verkauf geöffnet. Unser qualifiziertes Werkstattteam steht für Reparaturen und Service von Dienstag bis Freitag für Sie bereit.
3 Monate Garantie, Eintausch, Finanzierung, Barzahlung und Lieferung nach Absprache möglich.
Auf Wunsch und nach Absprache veranlassen wir auch die Zulassung, sobald Sie bei Ihrer Versicherung einen Versicherungsnachweis bestellt haben.
Die Bezahlung kann online, per EC oder durch Barzahlung erfolgen.
Bei Fragen oder Unsicherheiten können Sie uns telefonisch oder per Mail via [Nachricht schreiben] erreichen.
",CHF 4'900.–,Honda CB 500 F ABS 2014 11200 km 35 kW,Gegenstand ,Geringe Gebrauchsspuren ,500 Cm3,2014 ,HONDA ,CB 500 F ABS,11'200 km,NA,Weiss ,NA,Angebot,11.03.2023,47299346,NA,NA
78,Honda CB 500 F ABS 2019 9200 km 35 kW,"Honda CB 500 F ABS
Inverkehrssetzung: 19.02.2019
Tachostand: 9'200 km
Farbe: rot
Hubraum: 471 ccm
Leistung: 35 kW
Typenscheinnr: 6HA599
Motorrad Zustand: Top
Die grosse Ausstellungshalle mit über 700 Occasions-Motorräder ist von Montag bis Samstag für freie Besichtigung und Verkauf geöffnet. Unser qualifiziertes Werkstattteam steht für Reparaturen und Service von Dienstag bis Freitag für Sie bereit.
3 Monate Garantie, Eintausch, Finanzierung, Barzahlung und Lieferung nach Absprache möglich.
Auf Wunsch und nach Absprache veranlassen wir auch die Zulassung, sobald Sie bei Ihrer Versicherung einen Versicherungsnachweis bestellt haben.
Die Bezahlung kann online, per EC oder durch Barzahlung erfolgen.
Bei Fragen oder Unsicherheiten können Sie uns telefonisch oder per Mail via [Nachricht schreiben] erreichen.
",CHF 6'900.–,Honda CB 500 F ABS 2019 9200 km 35 kW,Gegenstand ,Geringe Gebrauchsspuren ,500 Cm3,2019 ,HONDA ,CB 500 F ABS,9'200 km,NA,Rot ,NA,Angebot,11.03.2023,47292723,NA,NA
79,Honda CB 500 F ABS 2017 9300 km 35 kW,"Honda CB 500 F ABS
Inverkehrssetzung: 09.03.2017
Tachostand: 9'300 km
Farbe: schwarz
Hubraum: 471 ccm
Leistung: 35 kW
Typenscheinnr: 6HA422
Motorrad Zustand: Top
Die grosse Ausstellungshalle mit über 200 Occasions-Motorräder ist von Montag bis Samstag für freie Besichtigung und Verkauf geöffnet. Unser qualifiziertes Werkstattteam steht für Reparaturen und Service von Dienstag bis Freitag für Sie bereit.
3 Monate Garantie, Eintausch, Finanzierung, Barzahlung und Lieferung nach Absprache möglich.
Auf Wunsch und nach Absprache veranlassen wir auch die Zulassung, sobald Sie bei Ihrer Versicherung einen Versicherungsnachweis bestellt haben.
Die Bezahlung kann online, per EC oder durch Barzahlung erfolgen.
Bei Fragen oder Unsicherheiten können Sie uns telefonisch oder per Mail via [Nachricht schreiben] erreichen.
",CHF 6'500.–,Honda CB 500 F ABS 2017 9300 km 35 kW,Gegenstand ,Geringe Gebrauchsspuren ,500 Cm3,2017 ,HONDA ,CB 500 F ABS,9'300 km,NA,Schwarz ,NA,Angebot,11.03.2023,47291308,NA,NA
80,Honda CB 500 F ABS 2021 900 km 35 kW,"Honda CB 500 F ABS
Inverkehrssetzung: 26.05.2021
Tachostand: 900 km
Farbe: rot
Hubraum: 471 ccm
Leistung: 35 kW
Typenscheinnr: 6XA560
Motorrad Zustand: Top
Die grosse Ausstellungshalle mit über 200 Occasions-Motorräder ist von Montag bis Samstag für freie Besichtigung und Verkauf geöffnet. Unser qualifiziertes Werkstattteam steht für Reparaturen und Service von Dienstag bis Freitag für Sie bereit.
3 Monate Garantie, Eintausch, Finanzierung, Barzahlung und Lieferung nach Absprache möglich.
Auf Wunsch und nach Absprache veranlassen wir auch die Zulassung, sobald Sie bei Ihrer Versicherung einen Versicherungsnachweis bestellt haben.
Die Bezahlung kann online, per EC oder durch Barzahlung erfolgen.
Bei Fragen oder Unsicherheiten können Sie uns telefonisch oder per Mail via [Nachricht schreiben] erreichen.
",CHF 7'500.–,Honda CB 500 F ABS 2021 900 km 35 kW,Gegenstand ,Geringe Gebrauchsspuren ,500 Cm3,2021 ,HONDA ,CB 500 F ABS,900 km,NA,Rot ,NA,Angebot,09.03.2023,47259559,NA,NA
81,HONDA CB 500 F,"Eigenschaften:  Ab MFK",CHF 7'690.–,HONDA CB 500 F,NA,NA,NA,2023 ,HONDA ,CB 500 F,1 km,Benzin ,Rot ,,Angebot,03.11.2022,45574860,Schaltgetriebe ,Hinterradantrieb 
82,HONDA CB 500 F,"Eigenschaften:  Ab MFK  Leasing ist möglich  35 kW Kit möglich",CHF 7'150.–,HONDA CB 500 F,NA,NA,NA,2022 ,HONDA ,CB 500 F,1 km,Benzin ,Schwarz ,,Angebot,29.03.2023,45848141,Schaltgetriebe ,Hinterradantrieb 
83,HONDA CB 500 F,"Zuberhör:   -Felgendecor  -Tankschutz  -Nummernschild  -Heckumbau  -mini Rückspiegelumbau  Zubehör aufpreispflichtig!  Tade-IN/Trade-Up Aktion  Wir möchten eine Unterstützung für den Eintausch eines 125er-Motorrads bei der Zulassung eines neuen Motorrads der Klasse A2 einführen.  Als Rabatt:  -	CHF 500.– beim Kauf einer CB300R/CB500F/CBR500  -	CHF 650.– beim Kauf einer CB650R/CBR650  Sport-Kit. Tade-IN/Trade-Up Aktion  Eigenschaften:  Ab MFK  Leasing ist möglich  Eintausch ist möglich",CHF 6'990.–,HONDA CB 500 F,NA,NA,NA,2023 ,HONDA ,CB 500 F,2 km,Benzin ,Grau ,,Angebot,10.03.2023,45772098,Schaltgetriebe ,Hinterradantrieb 
84,HONDA CB 500 F,"Eigenschaften:  Ab MFK",CHF 6'700.–,HONDA CB 500 F,NA,NA,NA,2022 ,HONDA ,CB 500 F,2'100 km,Benzin ,Grau ,,Angebot,21.10.2022,45405556,Schaltgetriebe ,Hinterradantrieb 
85,"Honda CB500F 2015, 14'000km","Bon état général, parfait pour le permis 35kW.
Moto très maniable et légère.
Complètement d'origine.
Je suis une femme de 165cm et elle me convient parfaitement.
Quelques marques sur le côté droite car elle a versé une fois dans le garage.
Jamais eu d'accident.
Topcase vendu avec.
Pneus en excellent état.
Expertisable du jour.
",CHF 4'500.– / Verhandlungspreis,"Honda CB500F 2015, 14'000km",Gegenstand ,Geringe Gebrauchsspuren ,500 Cm3,2015 ,HONDA ,CB 500 F,14'000 km,Benzin ,Rot ,,Angebot,28.03.2023,43891506,Schaltgetriebe ,Kette 
86,HONDA CB 500 F ABS,"KUNDENAUFTRAG  MIT TOP BOX  Eigenschaften:  Ab MFK  Leasing ist möglich  Eintausch ist möglich",CHF 5'990.–,HONDA CB 500 F ABS,NA,NA,NA,2020 ,HONDA ,CB 500 F ABS,2'200 km,Benzin ,Orange ,,Angebot,14.10.2022,45320570,Schaltgetriebe ,Hinterradantrieb 
87,HONDA CB 500 F,"Demomodell  Neues Modell mit der neuen Gabel und den Doppelbremsscheiben vorne etc..  Fahrzeug wurde bei Ankunft im Juli 2022 in verkehr gesetzt.  Demomodell. Neues Modell mit der neuen Gabel und den Doppelbremsscheiben etc..  Eigenschaften:  Ab MFK  Leasing ist möglich  Eintausch ist möglich",CHF 6'960.–,HONDA CB 500 F,NA,NA,NA,2022 ,HONDA ,CB 500 F,300 km,Benzin ,Schwarz ,,Angebot,09.10.2022,45254022,Schaltgetriebe ,Hinterradantrieb 
88,HONDA CB 500 F ABS,"Motorrad Zustand: Top  Die grosse Ausstellungshalle mit über 150 Occasions-Motorräder ist von Montag bis Samstag für freie Besichtigung und Verkauf geöffnet. Unser qualifiziertes Werkstattteam steht für Reparaturen und Service von Dienstag bis Freitag für Sie bereit.  3 Monate Garantie, Eintausch, Finanzierung, Barzahlung und Lieferung nach Absprache möglich.  Auf Wunsch und nach Absprache veranlassen wir auch die Zulassung, sobald Sie bei Ihrer Versicherung einen Versicherungsnachweis bestellt haben.  Das Motorrad muss vor einer allfälligen Lieferung oder der Abholung durch Sie komplett bezahlt und bei uns verbucht sein. Die Bezahlung kann online, per EC (keine Kreditkarten) oder durch Barzahlung erfolgen.  Bei Fragen oder Unsicherheiten können Sie uns telefonisch auf den Nummern 079 717 53 12 / 062 393 12 96 oder per Mail via Knopf [Anfrage] erreichen.  Jg. 2021, 471 ccm, 35 kW  Eigenschaften:  Ab MFK",CHF 7'500.–,HONDA CB 500 F ABS,NA,NA,NA,2021 ,HONDA ,CB 500 F ABS,900 km,NA,Rot ,,Angebot,08.10.2022,45243081,NA,NA
89,HONDA CB 500 F,"Tauschen Sie Ihr 125ccm ein und erhalten einen Bonus von 500.- Fr. auf den CB 500 F. Gültig bis 30. April 2023  Tauschen Sie Ihr 125ccm ein und erhalten einen Bonus von 500.- Fr. auf den CB 500 F. Gültig bis 30. April 2023  Eigenschaften:  Ab MFK  Leasing ist möglich  Eintausch ist möglich",CHF 7'690.–,HONDA CB 500 F,NA,NA,NA,2022 ,HONDA ,CB 500 F,1 km,Benzin ,Rot ,,Angebot,19.01.2023,44599103,Schaltgetriebe ,Hinterradantrieb 
90,HONDA CB 500 F,"Im Auftrag  Hecktieferlegung 3cm  Eigenschaften:  Ab MFK",CHF 6'500.–,HONDA CB 500 F,NA,NA,NA,2021 ,HONDA ,CB 500 F,87 km,Benzin ,Gelb ,,Angebot,22.10.2022,44558801,Schaltgetriebe ,Hinterradantrieb 
91,HONDA CB 500 F ABS,"Honda CB500FA 35kW  ** Ideales Einsteigermotorrad**  Finanzierung, Eintausch möglich..  - erst 1200KM  - frisch ab 1000`er Service  - Fahrzeug ab MFK  - Eine Besichtigung Lohnt sich!  Transport möglich, nach Absprache!  !!!WICHTIG!!!  Für Fahrzeugbesichtigungen bitte telefonisch ein Termin vereinbaren.  Verschiedene Neufahrzeuge und gepflegte Occasionen ab Lager verfügbar..   Eigenschaften:  Ab MFK  Leasing ist möglich  Eintausch ist möglich",CHF 6'590.–,HONDA CB 500 F ABS,NA,NA,NA,2020 ,HONDA ,CB 500 F ABS,1'200 km,Benzin ,Anthrazit ,,Angebot,28.10.2022,44874737,Schaltgetriebe ,Hinterradantrieb 
92,HONDA CB 500 F ABS,"Eigenschaften:  Ab MFK",CHF 4'990.–,HONDA CB 500 F ABS,NA,NA,NA,2013 ,HONDA ,CB 500 F ABS,8'004 km,Benzin ,Rot ,,Angebot,14.08.2022,44533878,NA,NA
93,HONDA CB 500 F ABS (35kW),"Neuwertige CB500FA ABS mit Werksgarantie bis 24.11.2025. Das ideale Einsteiger Motorrad.  Eigenschaften:  Ab MFK",CHF 6'190.–,HONDA CB 500 F ABS (35kW),NA,NA,NA,2021 ,HONDA ,CB 500 F ABS (35kW),2'300 km,Benzin ,Schwarz ,,Angebot,03.12.2022,44862899,Schaltgetriebe ,Hinterradantrieb 
94,"HONDA CB 500 F ABS (35kW) New Model, ab Lager!","Neufahrzeug mit 48 Monaten Werksgarantie ab Lager lieferbar. Exkl. Bereitstellungskosten.  Ab Lager lieferbar!  Extras:  Neu bereift  Eigenschaften:  Ab MFK",CHF 7'690.–,"HONDA CB 500 F ABS (35kW) New Model, ab Lager!",NA,NA,NA,2023 ,HONDA ,"CB 500 F ABS (35kW) New Model, ab Lager!",1 km,Benzin ,Grau ,,Angebot,11.02.2023,45772291,Schaltgetriebe ,Hinterradantrieb 
95,HONDA CB 500 F,"Dispo : en noir et rouge   Propriétés véhicule:  Expertisée",CHF 7'690.–,HONDA CB 500 F,NA,NA,NA,2022 ,HONDA ,CB 500 F,1 km,Benzin ,Schwarz ,,Angebot,18.11.2022,43451095,Schaltgetriebe ,Hinterradantrieb 
96,HONDA CB 500 F,"Propriétés véhicule:  Expertisée  Leasing possible",CHF 7'090.–,HONDA CB 500 F,NA,NA,NA,2022 ,HONDA ,CB 500 F,1 km,Benzin ,Grau ,,Angebot,08.06.2022,43762455,Schaltgetriebe ,Hinterradantrieb 
97,HONDA CB 500 F ABS,"Wir von der Moto Welt GmbH bieten dir eine grosse Auswahl an neuen und gebrauchten Motorrädern.   Unser Showroom verteilt sich auf über 600m²  Besuche uns während unseren Öffnungszeiten in Neftenbach und bestaune alle inserierten Fahrzeuge vor Ort.   Wir freuen uns auf dich.   Ab Service und mit Garantie  Eigenschaften:  Eintausch ist möglich",CHF 5'990.–,HONDA CB 500 F ABS,NA,NA,NA,2019 ,HONDA ,CB 500 F ABS,4'500 km,Benzin ,Orange ,NA,Angebot,02.09.2022,43591318,Schaltgetriebe ,Hinterradantrieb 
98,"HONDA CB 500 F ABS (35kW), New Model AB LAGER!","Neufahrzeug mit 0 Kilometer und vollen 48 Monaten Werksgarantie. Ab Lager lieferbar. Exkl. Bereitstellungskosten.  Extras:  Neu bereift  Eigenschaften:  Ab MFK",CHF 7'690.–,"HONDA CB 500 F ABS (35kW), New Model AB LAGER!",NA,NA,NA,2023 ,HONDA ,"CB 500 F ABS (35kW), New Model AB LAGER!",1 km,Benzin ,Rot ,,Angebot,03.11.2022,45574946,Schaltgetriebe ,Hinterradantrieb 
99,HONDA CB 500 F,"Eigenschaften:  Ab MFK  Leasing ist möglich  35 kW Kit vorhanden",CHF 6'950.–,HONDA CB 500 F,NA,NA,NA,2022 ,HONDA ,CB 500 F,1 km,Benzin ,Rot ,,Angebot,04.09.2022,42941765,Schaltgetriebe ,Hinterradantrieb 
100,HONDA CB 500 F,"Eigenschaften:  Ab MFK  Leasing ist möglich",CHF 7'090.–,HONDA CB 500 F,NA,NA,NA,2022 ,HONDA ,CB 500 F,1 km,Benzin ,Rot ,,Angebot,01.03.2023,42858870,Schaltgetriebe ,Hinterradantrieb 
101,HONDA CB 500 F,"Eigenschaften:  Ab MFK  Leasing ist möglich",CHF 7'090.–,HONDA CB 500 F,NA,NA,NA,2022 ,HONDA ,CB 500 F,1 km,Benzin ,Schwarz ,,Angebot,01.03.2023,42858869,Schaltgetriebe ,Hinterradantrieb 
102,HONDA CB 500 F,"Eigenschaften:  Ab MFK",CHF 7'690.–,HONDA CB 500 F,NA,NA,NA,2022 ,HONDA ,CB 500 F,5 km,Benzin ,Grau ,,Angebot,02.04.2022,42846788,Schaltgetriebe ,Hinterradantrieb 
103,HONDA CB 500 F,"Eigenschaften:  Ab MFK",CHF 7'690.–,HONDA CB 500 F,NA,NA,NA,2022 ,HONDA ,CB 500 F,1 km,Benzin ,Schwarz ,,Angebot,05.04.2022,42377032,Schaltgetriebe ,Hinterradantrieb 
104,HONDA CB 500 F,"Eigenschaften:  Ab MFK",CHF 7'690.–,HONDA CB 500 F,NA,NA,NA,2022 ,HONDA ,CB 500 F,1 km,Benzin ,Grau ,,Angebot,05.04.2022,42377031,Schaltgetriebe ,Hinterradantrieb 
105,HONDA CB 500 F,"Eigenschaften:  Ab MFK",CHF 7'690.–,HONDA CB 500 F,NA,NA,NA,2022 ,HONDA ,CB 500 F,1 km,Benzin ,Rot ,,Angebot,05.04.2022,42377030,Schaltgetriebe ,Hinterradantrieb 
106,HONDA CB 500 F,"Eigenschaften:  Ab MFK",CHF 7'690.–,HONDA CB 500 F,NA,NA,NA,2022 ,HONDA ,CB 500 F,1 km,Benzin ,Gelb ,,Angebot,05.04.2022,42377029,Schaltgetriebe ,Hinterradantrieb 
107,HONDA CB 500 F,"Eigenschaften:  Ab MFK  Leasing ist möglich",CHF 7'190.–,HONDA CB 500 F,NA,NA,NA,2022 ,HONDA ,CB 500 F,1 km,Benzin ,Grau ,,Angebot,01.03.2023,42284266,Schaltgetriebe ,Hinterradantrieb 
108,HONDA CB 500 F,"Eigenschaften:  Ab MFK",CHF 7'690.–,HONDA CB 500 F,NA,NA,NA,2022 ,HONDA ,CB 500 F,1 km,Benzin ,Gelb ,,Angebot,13.04.2022,42270426,Schaltgetriebe ,Hinterradantrieb 
109,HONDA CB 500 F,"Zubehör aufpreispflichtig: Soziussitzabdeckung und Auspuffanlage homologiert  Tade-In/Trade-Up Aktion  Wir möchten eine Unterstützung für den Eintausch eines 125er-Motorrads bei der Zulassung eines neuen Motorrads der Klasse A2 einführen.  Als Rabatt:  -	CHF 500.– beim Kauf einer CB300R/CB500F/CBR500  -	CHF 650.– beim Kauf einer CB650R/CBR650  Sport-Kit. Tade-In/Trade-Up Aktio  Eigenschaften:  Ab MFK  Leasing ist möglich  Eintausch ist möglich",CHF 6'990.–,HONDA CB 500 F,NA,NA,NA,2023 ,HONDA ,CB 500 F,1 km,Benzin ,Mehrfarbig ,,Angebot,10.03.2023,42034603,Schaltgetriebe ,Hinterradantrieb 
110,HONDA CB 500 F,"Eigenschaften:  Ab MFK  Leasing ist möglich  Eintausch ist möglich",CHF 6'600.–,HONDA CB 500 F,NA,NA,NA,2022 ,HONDA ,CB 500 F,1 km,Benzin ,Gelb ,,Angebot,26.02.2023,42953694,Schaltgetriebe ,Hinterradantrieb 
