listing_no,title,description,price_chf,full_name,Art,Zustand,displacement,year,brand,model,mileage_km,transmission,fuel,colour,drive,listing_type,last_edited,id,mfk
1,Kawasaki ER-6N,"Kawasaki ER 6N
KM: 9480
ABS: Ja
Sehr guter Zustand. Das Motorrad hat jetzt die original Spiegel drauf.
Beide Reifen sind max 2000km gefahren. Bei ernste Interesse bitte anrufen.
Wird Leider verkauft, weil ich keine Zeit mehr für Motorrad fahren habe.
",4900,Kawasaki ER-6N,Gegenstand ,Neu ,600 Cm3,2015,KAWASAKI,ER6N,9500,Schaltgetriebe,Benzin,Weiss,Hinterradantrieb,Angebot,2023-03-30,47449398,no
2,Kawasaki 650 ER-6n,"Kawasaki 650 ER-6n 35kW
Ganganzeige
Akrapovic Auspuff (Racing Line 1-2 Titan)
Neue Batterie
",4500,Kawasaki 650 ER-6n,Gegenstand ,Geringe Gebrauchsspuren ,600 Cm3,2012,KAWASAKI,650 ER-6n,7000,Schaltgetriebe,Benzin,Gelb,Kette,Angebot,2023-03-27,47280490,no
3,KAWASAKI ER-6n,"Gepflegte Kawasaki ER-6N mit TopCase und Sturzpads. Ebenso frisch ab Jahresservice und mit neuen Reifen.  Extras:  Neu bereift",4500,KAWASAKI ER-6n,NA,NA,NA,2012,KAWASAKI,ER-6n,17289,Schaltgetriebe,Benzin,Weiss,Hinterradantrieb,Angebot,2023-03-07,47225153,no
4,Kawasaki Er6n ABS,"Moto en très bon état, toujours dans un garage, bridée pour permis, service récent, batterie neuve, alternateur neuf, aucun frais immédiat à prévoir.
",3000,Kawasaki Er6n ABS,Gegenstand ,Geringe Gebrauchsspuren ,600 Cm3,2007,KAWASAKI,Er 6 N,44000,NA,NA,NA,NA,Angebot,2023-03-29,47499977,no
5,KAWASAKI ER-6n,"Leistung: 35 kW
Leergewicht: 281 kg
Nutz-/Sattellast: 125 kg
Gesamtgewicht: 406 kg
Letzte Prüfung: 02.03.2022
",4000,KAWASAKI ER-6n,Gegenstand ,Geringe Gebrauchsspuren ,600 Cm3,2014,KAWASAKI,NA,NA,Schaltgetriebe,NA,Schwarz,NA,Angebot,2023-03-23,46228234,no
6,Kawasaki er6n,"Kawasaki er6n 
26500km 
Expertisée jusqu’à décembre 2023
Bon état général, très bien entretenue, petit service à prévoir car n’as pas beaucoup roulé ses derniers mois.
Elle est tombée à l’arrêt donc quelque traces (voir photos)
",3200,Kawasaki er6n,Gegenstand ,Geringe Gebrauchsspuren ,600 Cm3,2009,KAWASAKI,Er6n,26500,Schaltgetriebe,Benzin,Schwarz,NA,Angebot,2023-03-29,47597267,no
7,KAWASAKI ER-6n ABS,"Zubehör: Handyhalter, Sturzpads.  Das Motorrad hat diverse Gebrauchsspuren.  Mit der Strahm Membercard für Fr.100.- gibt`s 5% Rabatt (bis CHF 10'000.-) auf Occasionsfahrzeuge (ohne Eintausch), 5% Rabatt auf Ersatzteile, Bekleidung, Zubehör, bis 20% auf Mietmotorräder und Pneu. Gratis Raclette-Essen für 2 Personen Ende Saison. Jede Woche ein Gratis Getränk im Saloon Madiswil. Gratis Pannendienst in der Schweiz während unserer Öffnungszeiten, Gratis Ersatzfahrzeug während der Servicedauer.  Eigenschaften:  Ab MFK",3990,KAWASAKI ER-6n ABS,NA,NA,NA,2007,KAWASAKI,ER-6n ABS,46000,NA,Benzin,Orange,NA,Angebot,2023-01-13,46446980,yes
8,Moto Kawasaki er6n,"Je vends ma Kawasaki ER 6 N en parfait état.
Bridé à 35 kw
Véhicule très facile à manier idéal pour débuter 
Service fait 
Pneu arrière neuf 
Expertisé en septembre 21 
Peut être expertisé du jour pour la vente
Éventuellement
",4700,Moto Kawasaki er6n,Gegenstand ,Neuwertig ,750 Ccm,2011,KAWASAKI,ER 6N ABS,18000,Schaltgetriebe,Benzin,Weiss,NA,Angebot,2023-03-16,47387435,no
9,Kawasaki er6N,"A vendre moto Kawasaki er6N
état comme neuve,
Il est possible de la brider en 35kw
véhicule toujours entretenu chez Kawasaki
",4200,Kawasaki er6N,Gegenstand ,Neuwertig ,600 Cm3,2009,KAWASAKI,Er6N,13370,Schaltgetriebe,Benzin,Weiss,NA,Angebot,2023-03-21,46966982,no
10,Kawasaki ER-6n ABS 2006 72300 km 25 kW,"Kawasaki ER-6n ABS
Inverkehrssetzung: 12.05.2006
Tachostand: 72'300 km
Farbe: gelb
Hubraum: 649 ccm
Leistung: 25 kW
Typenscheinnr: 6KA212
Motorrad Zustand: Top
Die grosse Ausstellungshalle mit über 700 Occasions-Motorräder ist von Montag bis Samstag für freie Besichtigung und Verkauf geöffnet. Unser qualifiziertes Werkstattteam steht für Reparaturen und Service von Dienstag bis Freitag für Sie bereit.
3 Monate Garantie, MFK, ab Service, Eintausch, Leasing, Finanzierung, Barzahlung und Lieferung nach Absprache möglich.
Auf Wunsch und nach Absprache veranlassen wir auch die Zulassung, sobald Sie bei Ihrer Versicherung einen Versicherungsnachweis bestellt haben.
Die Bezahlung kann online, per EC oder durch Barzahlung erfolgen.
Bei Fragen oder Unsicherheiten können Sie uns telefonisch oder per Mail via [Nachricht schreiben] erreichen.
",3900,Kawasaki ER-6n ABS 2006 72300 km 25 kW,Gegenstand ,Geringe Gebrauchsspuren ,750 Ccm,2006,KAWASAKI,ER-6n ABS,72300,NA,NA,Gelb,NA,Angebot,2023-03-30,47612721,yes
11,Kawasaki ER-6n ABS 2006 72300 km 53 kW,"Kawasaki ER-6n ABS
Inverkehrssetzung: 12.05.2006
Tachostand: 72'300 km
Farbe: gelb
Hubraum: 649 ccm
Leistung: 53 kW
Typenscheinnr: 6KA212
Motorrad Zustand: Top
Die grosse Ausstellungshalle mit über 700 Occasions-Motorräder ist von Montag bis Samstag für freie Besichtigung und Verkauf geöffnet. Unser qualifiziertes Werkstattteam steht für Reparaturen und Service von Dienstag bis Freitag für Sie bereit.
3 Monate Garantie, MFK, ab Service, Eintausch, Leasing, Finanzierung, Barzahlung und Lieferung nach Absprache möglich.
Auf Wunsch und nach Absprache veranlassen wir auch die Zulassung, sobald Sie bei Ihrer Versicherung einen Versicherungsnachweis bestellt haben.
Die Bezahlung kann online, per EC oder durch Barzahlung erfolgen.
Bei Fragen oder Unsicherheiten können Sie uns telefonisch oder per Mail via [Nachricht schreiben] erreichen.
",3500,Kawasaki ER-6n ABS 2006 72300 km 53 kW,Gegenstand ,Geringe Gebrauchsspuren ,750 Ccm,2006,KAWASAKI,ER-6n ABS,72300,NA,NA,Gelb,NA,Angebot,2023-03-30,47612582,yes
12,Kawasaki ER-6n ABS 2008 39200 km 25 kW,"Kawasaki ER-6n ABS
Inverkehrssetzung: 19.05.2008
Tachostand: 39'200 km
Farbe: orange
Hubraum: 649 ccm
Leistung: 25 kW
Typenscheinnr: 6KA214
Motorrad Zustand: Top
Die grosse Ausstellungshalle mit über 700 Occasions-Motorräder ist von Montag bis Samstag für freie Besichtigung und Verkauf geöffnet. Unser qualifiziertes Werkstattteam steht für Reparaturen und Service von Dienstag bis Freitag für Sie bereit.
3 Monate Garantie, MFK, ab Service, Eintausch, Leasing, Finanzierung, Barzahlung und Lieferung nach Absprache möglich.
Auf Wunsch und nach Absprache veranlassen wir auch die Zulassung, sobald Sie bei Ihrer Versicherung einen Versicherungsnachweis bestellt haben.
Die Bezahlung kann online, per EC oder durch Barzahlung erfolgen.
Bei Fragen oder Unsicherheiten können Sie uns telefonisch oder per Mail via [Nachricht schreiben] erreichen.
",4300,Kawasaki ER-6n ABS 2008 39200 km 25 kW,Gegenstand ,Geringe Gebrauchsspuren ,750 Ccm,2008,KAWASAKI,ER-6n ABS,39200,NA,NA,Orange,NA,Angebot,2023-03-30,47612522,yes
13,Kawasaki ER-6n 2008 14800 km 53 kW,"Kawasaki ER-6n
Inverkehrssetzung: 17.03.2008
Tachostand: 14'800 km
Farbe: grün
Hubraum: 649 ccm
Leistung: 53 kW
Typenscheinnr: 6KA234
Motorrad Zustand: Top
Die grosse Ausstellungshalle mit über 700 Occasions-Motorräder ist von Montag bis Samstag für freie Besichtigung und Verkauf geöffnet. Unser qualifiziertes Werkstattteam steht für Reparaturen und Service von Dienstag bis Freitag für Sie bereit.
3 Monate Garantie, MFK, ab Service, Eintausch, Leasing, Finanzierung, Barzahlung und Lieferung nach Absprache möglich.
Auf Wunsch und nach Absprache veranlassen wir auch die Zulassung, sobald Sie bei Ihrer Versicherung einen Versicherungsnachweis bestellt haben.
Die Bezahlung kann online, per EC oder durch Barzahlung erfolgen.
Bei Fragen oder Unsicherheiten können Sie uns telefonisch oder per Mail via [Nachricht schreiben] erreichen.
",4900,Kawasaki ER-6n 2008 14800 km 53 kW,Gegenstand ,Geringe Gebrauchsspuren ,750 Ccm,2008,KAWASAKI,ER-6n,14800,NA,NA,Grün,NA,Angebot,2023-03-31,47628395,yes
14,Kawasaki ER-6n 2006 25100 km 25 kW,"Kawasaki ER-6n
Inverkehrssetzung: 25.08.2006
Tachostand: 25'100 km
Farbe: orange
Hubraum: 649 ccm
Leistung: 25 kW
Typenscheinnr: 6KA212
Motorrad Zustand: Top
Die grosse Ausstellungshalle mit über 200 Occasions-Motorräder ist von Montag bis Samstag für freie Besichtigung und Verkauf geöffnet. Unser qualifiziertes Werkstattteam steht für Reparaturen und Service von Dienstag bis Freitag für Sie bereit.
3 Monate Garantie, MFK, ab Service, Eintausch, Leasing, Finanzierung, Barzahlung und Lieferung nach Absprache möglich.
Auf Wunsch und nach Absprache veranlassen wir auch die Zulassung, sobald Sie bei Ihrer Versicherung einen Versicherungsnachweis bestellt haben.
Die Bezahlung kann online, per EC oder durch Barzahlung erfolgen.
Bei Fragen oder Unsicherheiten können Sie uns telefonisch oder per Mail via [Nachricht schreiben] erreichen.
",4900,Kawasaki ER-6n 2006 25100 km 25 kW,Gegenstand ,Geringe Gebrauchsspuren ,750 Ccm,2006,KAWASAKI,ER-6n,25100,NA,NA,Orange,NA,Angebot,2023-03-31,47625655,yes
15,Kawasaki ER-6n 2007 26800 km 25 kW,"Kawasaki ER-6n
Inverkehrssetzung: 16.03.2007
Tachostand: 26'800 km
Farbe: schwarz
Hubraum: 649 ccm
Leistung: 25 kW
Typenscheinnr: 6KA215
Motorrad Zustand: Top
Die grosse Ausstellungshalle mit über 700 Occasions-Motorräder ist von Montag bis Samstag für freie Besichtigung und Verkauf geöffnet. Unser qualifiziertes Werkstattteam steht für Reparaturen und Service von Dienstag bis Freitag für Sie bereit.
3 Monate Garantie, MFK, ab Service, Eintausch, Leasing, Finanzierung, Barzahlung und Lieferung nach Absprache möglich.
Auf Wunsch und nach Absprache veranlassen wir auch die Zulassung, sobald Sie bei Ihrer Versicherung einen Versicherungsnachweis bestellt haben.
Die Bezahlung kann online, per EC oder durch Barzahlung erfolgen.
Bei Fragen oder Unsicherheiten können Sie uns telefonisch oder per Mail via [Nachricht schreiben] erreichen.
",5300,Kawasaki ER-6n 2007 26800 km 25 kW,Gegenstand ,Geringe Gebrauchsspuren ,750 Ccm,2007,KAWASAKI,ER-6n,26800,NA,NA,Schwarz,NA,Angebot,2023-03-31,47625276,yes
16,Kawasaki ER-6n ABS 2007 26800 km 53 kW,"Kawasaki ER-6n ABS
Inverkehrssetzung: 16.03.2007
Tachostand: 26'800 km
Farbe: gelb
Hubraum: 649 ccm
Leistung: 53 kW
Typenscheinnr: 6KA214
Motorrad Zustand: Top
Die grosse Ausstellungshalle mit über 700 Occasions-Motorräder ist von Montag bis Samstag für freie Besichtigung und Verkauf geöffnet. Unser qualifiziertes Werkstattteam steht für Reparaturen und Service von Dienstag bis Freitag für Sie bereit.
3 Monate Garantie, MFK, ab Service, Eintausch, Leasing, Finanzierung, Barzahlung und Lieferung nach Absprache möglich.
Auf Wunsch und nach Absprache veranlassen wir auch die Zulassung, sobald Sie bei Ihrer Versicherung einen Versicherungsnachweis bestellt haben.
Die Bezahlung kann online, per EC oder durch Barzahlung erfolgen.
Bei Fragen oder Unsicherheiten können Sie uns telefonisch oder per Mail via [Nachricht schreiben] erreichen.
",4900,Kawasaki ER-6n ABS 2007 26800 km 53 kW,Gegenstand ,Geringe Gebrauchsspuren ,750 Ccm,2007,KAWASAKI,ER-6n ABS,26800,NA,NA,Gelb,NA,Angebot,2023-03-30,47617296,yes
17,Kawasaki ER-6n 2011 24900 km 53 kW,"Kawasaki ER-6n
Inverkehrssetzung: 06.04.2011
Tachostand: 24'900 km
Farbe: grün/schwarz
Hubraum: 649 ccm
Leistung: 53 kW
Typenscheinnr: 6KA244
Motorrad Zustand: Top
Die grosse Ausstellungshalle mit über 700 Occasions-Motorräder ist von Montag bis Samstag für freie Besichtigung und Verkauf geöffnet. Unser qualifiziertes Werkstattteam steht für Reparaturen und Service von Dienstag bis Freitag für Sie bereit.
3 Monate Garantie, MFK, ab Service, Eintausch, Leasing, Finanzierung, Barzahlung und Lieferung nach Absprache möglich.
Auf Wunsch und nach Absprache veranlassen wir auch die Zulassung, sobald Sie bei Ihrer Versicherung einen Versicherungsnachweis bestellt haben.
Die Bezahlung kann online, per EC oder durch Barzahlung erfolgen.
Bei Fragen oder Unsicherheiten können Sie uns telefonisch oder per Mail via [Nachricht schreiben] erreichen.
",4900,Kawasaki ER-6n 2011 24900 km 53 kW,Gegenstand ,Geringe Gebrauchsspuren ,750 Ccm,2011,KAWASAKI,ER-6n,24900,NA,NA,NA,NA,Angebot,2023-03-14,47339274,no
18,Kawasaki ER-6n 2011 24900 km 25 kW,"Kawasaki ER-6n
Inverkehrssetzung: 06.04.2011
Tachostand: 24'900 km
Farbe: grün
Hubraum: 649 ccm
Leistung: 25 kW
Typenscheinnr: 6KA245
Motorrad Zustand: Top
Die grosse Ausstellungshalle mit über 700 Occasions-Motorräder ist von Montag bis Samstag für freie Besichtigung und Verkauf geöffnet. Unser qualifiziertes Werkstattteam steht für Reparaturen und Service von Dienstag bis Freitag für Sie bereit.
3 Monate Garantie, Eintausch, Finanzierung, Barzahlung und Lieferung nach Absprache möglich.
Auf Wunsch und nach Absprache veranlassen wir auch die Zulassung, sobald Sie bei Ihrer Versicherung einen Versicherungsnachweis bestellt haben.
Die Bezahlung kann online, per EC oder durch Barzahlung erfolgen.
Bei Fragen oder Unsicherheiten können Sie uns telefonisch oder per Mail via [Nachricht schreiben] erreichen.
",5300,Kawasaki ER-6n 2011 24900 km 25 kW,Gegenstand ,Geringe Gebrauchsspuren ,750 Ccm,2011,KAWASAKI,ER-6n,24900,NA,NA,Grün,NA,Angebot,2023-03-11,47295218,no
19,Kawasaki ER-6n 2008 14800 km 25 kW,"Kawasaki ER-6n
Inverkehrssetzung: 17.03.2008
Tachostand: 14'800 km
Farbe: grün
Hubraum: 649 ccm
Leistung: 25 kW
Typenscheinnr: 6KA235
Motorrad Zustand: Top
Die grosse Ausstellungshalle mit über 700 Occasions-Motorräder ist von Montag bis Samstag für freie Besichtigung und Verkauf geöffnet. Unser qualifiziertes Werkstattteam steht für Reparaturen und Service von Dienstag bis Freitag für Sie bereit.
3 Monate Garantie, Eintausch, Finanzierung, Barzahlung und Lieferung nach Absprache möglich.
Auf Wunsch und nach Absprache veranlassen wir auch die Zulassung, sobald Sie bei Ihrer Versicherung einen Versicherungsnachweis bestellt haben.
Die Bezahlung kann online, per EC oder durch Barzahlung erfolgen.
Bei Fragen oder Unsicherheiten können Sie uns telefonisch oder per Mail via [Nachricht schreiben] erreichen.
",5300,Kawasaki ER-6n 2008 14800 km 25 kW,Gegenstand ,Geringe Gebrauchsspuren ,750 Ccm,2008,KAWASAKI,ER-6n,14800,NA,NA,Grün,NA,Angebot,2023-03-10,47278770,no
20,Kawasaki ER-6n 2010 14100 km 25 kW,"Kawasaki ER-6n
Inverkehrssetzung: 22.09.2010
Tachostand: 14'100 km
Farbe: grün
Hubraum: 649 ccm
Leistung: 25 kW
Typenscheinnr: 6KA245
Motorrad Zustand: Top
Die grosse Ausstellungshalle mit über 700 Occasions-Motorräder ist von Montag bis Samstag für freie Besichtigung und Verkauf geöffnet. Unser qualifiziertes Werkstattteam steht für Reparaturen und Service von Dienstag bis Freitag für Sie bereit.
3 Monate Garantie, Eintausch, Finanzierung, Barzahlung und Lieferung nach Absprache möglich.
Auf Wunsch und nach Absprache veranlassen wir auch die Zulassung, sobald Sie bei Ihrer Versicherung einen Versicherungsnachweis bestellt haben.
Die Bezahlung kann online, per EC oder durch Barzahlung erfolgen.
Bei Fragen oder Unsicherheiten können Sie uns telefonisch oder per Mail via [Nachricht schreiben] erreichen.
",5300,Kawasaki ER-6n 2010 14100 km 25 kW,Gegenstand ,Geringe Gebrauchsspuren ,750 Ccm,2010,KAWASAKI,ER-6n,14100,NA,NA,Grün,NA,Angebot,2023-03-10,47278240,no
21,Kawasaki ER-6n 2010 14100 km 53 kW,"Kawasaki ER-6n
Inverkehrssetzung: 22.09.2010
Tachostand: 14'100 km
Farbe: grün
Hubraum: 649 ccm
Leistung: 53 kW
Typenscheinnr: 6KA244
Motorrad Zustand: Top
Die grosse Ausstellungshalle mit über 700 Occasions-Motorräder ist von Montag bis Samstag für freie Besichtigung und Verkauf geöffnet. Unser qualifiziertes Werkstattteam steht für Reparaturen und Service von Dienstag bis Freitag für Sie bereit.
3 Monate Garantie, Eintausch, Finanzierung, Barzahlung und Lieferung nach Absprache möglich.
Auf Wunsch und nach Absprache veranlassen wir auch die Zulassung, sobald Sie bei Ihrer Versicherung einen Versicherungsnachweis bestellt haben.
Die Bezahlung kann online, per EC oder durch Barzahlung erfolgen.
Bei Fragen oder Unsicherheiten können Sie uns telefonisch oder per Mail via [Nachricht schreiben] erreichen.
",4900,Kawasaki ER-6n 2010 14100 km 53 kW,Gegenstand ,Geringe Gebrauchsspuren ,750 Ccm,2010,KAWASAKI,ER-6n,14100,NA,NA,Grün,NA,Angebot,2023-03-08,47243496,no
22,Moto Kawasaki er6n  650 ABS 53 kw,"Je vends ma kawasaki avec :
Crash pad
Selle confort
Rabaissée ""bague pour remettre d'origine inclue""
Échappement Scorpion homologué
Pneus neufs.
Expertisée.
Moto très sympa, facile à conduire idéale pour passer le permis.
État impeccable conduite par une personne très soigneuse, à toujours été garée dans un garage.
Service début de saison fait du jour.
Libre de suite.
ARNAQUES S'ABSTENIR.    MERCI
",4000,Moto Kawasaki er6n  650 ABS 53 kw,Gegenstand ,Neuwertig ,750 Ccm,2011,KAWASAKI,ER6N 650,27915,Schaltgetriebe,Benzin,Grün,Kette,Angebot,2023-03-31,47540757,yes
23,Kawasaki ER-6n,"Parfaite pour le passage du permis gros cube.
Excellent état.
Expertisée octobre 2022
",5200,Kawasaki ER-6n,Gegenstand ,Geringe Gebrauchsspuren ,600 Cm3,2016,KAWASAKI,ER-6n,8800,NA,NA,NA,NA,Angebot,2023-03-20,47468494,yes
24,Kawasaki Er-6n,"Kawasaki ER-6N 
Brider à 35kw
Super Moto idéal pour permis 35kw
Très souple et maniable 
34’200km
Pot d’échappement Léo Vince Gp pro avec  le papier d’homologation 
Aucun frais à prévoir
",5500,Kawasaki Er-6n,Gegenstand ,Geringe Gebrauchsspuren ,600 Cm3,NA,KAWASAKI,ER-6N,34200,NA,Benzin,NA,NA,Angebot,2023-03-15,47368439,no
25,KAWASAKI ER-6 n ABS (25kW),"Il veicolo ha 8.927 Km, è in ottime condizioni ed è visibile nel nostro show-room a Camorino.  30 giorni di garanzia inclusi, estendibili fino a 24 mesi.  È possibile acquistare con un finanziamento personalizzato.  Dotazione / Accessori inclusi nel prezzo :  Porta Targa Corto + Frecce LED  Questo veicolo è stato selezionato tra migliaia di moto d’occasione per essere esposto in conto vendita nel nostro showroom. Da noi trovi molti altri veicoli in conto vendita sottoposti ad un attento controllo tecnico.  Il pacchetto “messa in strada” ha un costo di soli 250chf e comprende: controllo dei livelli, cambio liquido freni, pieno di benzina, pratiche di immatricolazione e collaudo.  ----------------------------------------------------------------------------  The vehicle has 8.927 Km, it’s in very good conditions and it can be seen in our show-room in Camorino (Bellinzona).  30 days of warranty are included. Extension is possible up to 24 months.  Monthly payment can be accorded.  Included Optionals/Accessories:  Short license plate holder + Led indicators  On sale on behalf of a private, this vehicle has been selected among the thousands for sale in Ticino, to be displayed and sold in our center. You can find many other vehicles, all checked and selected by us.  The preparation fee is 250chf and includes, fluids level check, brake fluid replacement, full tank, registration procedures, official technical inspection (MFK).   Proprietà veicolo:  Leasing posibbile",5490,KAWASAKI ER-6 n ABS (25kW),NA,NA,NA,2012,KAWASAKI,ER-6 n ABS (25kW),8927,Schaltgetriebe,Benzin,Schwarz,Hinterradantrieb,Angebot,2023-04-01,47638966,no
26,Kawasaki er6n 2012 (35kw) avec ABS,"Superbe moto, idéale pour permis 35 kw.
Très souple et maniable
ABS, toutes les modifications faites sont homologuées et inscrites dans le permis de circulation.
38'700 km évolutif
Service fait, pneus quasi neufs, propre et prête à être expertisée.
",3900,Kawasaki er6n 2012 (35kw) avec ABS,Gegenstand ,Geringe Gebrauchsspuren ,600 Cm3,2012,KAWASAKI,ER6n,38700,Schaltgetriebe,NA,Schwarz,NA,Angebot,2023-03-24,47085003,no
27,Kawasaki ER-6n ABS 2008 7000 km 53 kW,"Kawasaki ER-6n ABS
Inverkehrssetzung: 24.07.2008
Tachostand: 7'000 km
Farbe: schwarz
Hubraum: 649 ccm
Leistung: 53 kW
Typenscheinnr: 6KA234
Motorrad Zustand: Top
Die grosse Ausstellungshalle mit über 700 Occasions-Motorräder ist von Montag bis Samstag für freie Besichtigung und Verkauf geöffnet. Unser qualifiziertes Werkstattteam steht für Reparaturen und Service von Dienstag bis Freitag für Sie bereit.
3 Monate Garantie, Eintausch, Finanzierung, Barzahlung und Lieferung nach Absprache möglich.
Auf Wunsch und nach Absprache veranlassen wir auch die Zulassung, sobald Sie bei Ihrer Versicherung einen Versicherungsnachweis bestellt haben.
Die Bezahlung kann online, per EC oder durch Barzahlung erfolgen.
Bei Fragen oder Unsicherheiten können Sie uns telefonisch oder per Mail via [Nachricht schreiben] erreichen.
",5900,Kawasaki ER-6n ABS 2008 7000 km 53 kW,Gegenstand ,Geringe Gebrauchsspuren ,750 Ccm,2008,KAWASAKI,ER-6n ABS,7000,NA,NA,Schwarz,NA,Angebot,2023-03-13,47318592,no
28,Kawasaki ER-6n ABS 2007 29100 km 53 kW,"Kawasaki ER-6n ABS
Inverkehrssetzung: 11.05.2007
Tachostand: 29'100 km
Farbe: schwarz
Hubraum: 649 ccm
Leistung: 53 kW
Typenscheinnr: 6KA214
Motorrad Zustand: Top
Die grosse Ausstellungshalle mit über 700 Occasions-Motorräder ist von Montag bis Samstag für freie Besichtigung und Verkauf geöffnet. Unser qualifiziertes Werkstattteam steht für Reparaturen und Service von Dienstag bis Freitag für Sie bereit.
3 Monate Garantie, Eintausch, Finanzierung, Barzahlung und Lieferung nach Absprache möglich.
Auf Wunsch und nach Absprache veranlassen wir auch die Zulassung, sobald Sie bei Ihrer Versicherung einen Versicherungsnachweis bestellt haben.
Die Bezahlung kann online, per EC oder durch Barzahlung erfolgen.
Bei Fragen oder Unsicherheiten können Sie uns telefonisch oder per Mail via [Nachricht schreiben] erreichen.
",4900,Kawasaki ER-6n ABS 2007 29100 km 53 kW,Gegenstand ,Geringe Gebrauchsspuren ,750 Ccm,2007,KAWASAKI,ER-6n ABS,29100,NA,NA,Schwarz,NA,Angebot,2023-03-11,47291902,no
29,Kawasaki ER-6n ABS 2008 7000 km 25 kW,"Kawasaki ER-6n ABS
Inverkehrssetzung: 24.07.2008
Tachostand: 7'000 km
Farbe: schwarz
Hubraum: 649 ccm
Leistung: 25 kW
Typenscheinnr: 6KA235
Motorrad Zustand: Top
Die grosse Ausstellungshalle mit über 700 Occasions-Motorräder ist von Montag bis Samstag für freie Besichtigung und Verkauf geöffnet. Unser qualifiziertes Werkstattteam steht für Reparaturen und Service von Dienstag bis Freitag für Sie bereit.
3 Monate Garantie, Eintausch, Finanzierung, Barzahlung und Lieferung nach Absprache möglich.
Auf Wunsch und nach Absprache veranlassen wir auch die Zulassung, sobald Sie bei Ihrer Versicherung einen Versicherungsnachweis bestellt haben.
Die Bezahlung kann online, per EC oder durch Barzahlung erfolgen.
Bei Fragen oder Unsicherheiten können Sie uns telefonisch oder per Mail via [Nachricht schreiben] erreichen.
",6200,Kawasaki ER-6n ABS 2008 7000 km 25 kW,Gegenstand ,Geringe Gebrauchsspuren ,750 Ccm,2008,KAWASAKI,ER-6n ABS,7000,NA,NA,Schwarz,NA,Angebot,2023-03-10,47279170,no
30,Kawasaki ER-6n ABS 2007 29100 km 25 kW,"Kawasaki ER-6n ABS
Inverkehrssetzung: 11.05.2007
Tachostand: 29'100 km
Farbe: schwarz
Hubraum: 649 ccm
Leistung: 25 kW
Typenscheinnr: 6KA215
Motorrad Zustand: Top
Die grosse Ausstellungshalle mit über 700 Occasions-Motorräder ist von Montag bis Samstag für freie Besichtigung und Verkauf geöffnet. Unser qualifiziertes Werkstattteam steht für Reparaturen und Service von Dienstag bis Freitag für Sie bereit.
3 Monate Garantie, Eintausch, Finanzierung, Barzahlung und Lieferung nach Absprache möglich.
Auf Wunsch und nach Absprache veranlassen wir auch die Zulassung, sobald Sie bei Ihrer Versicherung einen Versicherungsnachweis bestellt haben.
Die Bezahlung kann online, per EC oder durch Barzahlung erfolgen.
Bei Fragen oder Unsicherheiten können Sie uns telefonisch oder per Mail via [Nachricht schreiben] erreichen.
",5300,Kawasaki ER-6n ABS 2007 29100 km 25 kW,Gegenstand ,Geringe Gebrauchsspuren ,750 Ccm,2007,KAWASAKI,ER-6n ABS,29100,NA,NA,Schwarz,NA,Angebot,2023-03-10,47274730,no
31,Kawasaki ER-6n ABS 2011 25400 km 53 kW,"Kawasaki ER-6n ABS
Inverkehrssetzung: 06.05.2011
Tachostand: 25'400 km
Farbe: weiss
Hubraum: 649 ccm
Leistung: 53 kW
Typenscheinnr: X
Motorrad Zustand: Top
Die grosse Ausstellungshalle mit über 200 Occasions-Motorräder ist von Montag bis Samstag für freie Besichtigung und Verkauf geöffnet. Unser qualifiziertes Werkstattteam steht für Reparaturen und Service von Dienstag bis Freitag für Sie bereit.
3 Monate Garantie, Eintausch, Finanzierung, Barzahlung und Lieferung nach Absprache möglich.
Auf Wunsch und nach Absprache veranlassen wir auch die Zulassung, sobald Sie bei Ihrer Versicherung einen Versicherungsnachweis bestellt haben.
Die Bezahlung kann online, per EC oder durch Barzahlung erfolgen.
Bei Fragen oder Unsicherheiten können Sie uns telefonisch oder per Mail via [Nachricht schreiben] erreichen.
",5500,Kawasaki ER-6n ABS 2011 25400 km 53 kW,Gegenstand ,Geringe Gebrauchsspuren ,750 Ccm,2011,KAWASAKI,ER-6n ABS,25400,NA,NA,Weiss,NA,Angebot,2023-03-08,47247410,no
32,Kawasaki ER-6n ABS,"Im Auftrag zu Verkaufen:
Kawasaki ER-6n ABS
Letzter MFK 27.07.2021
Kilometer: 37200
Neue Räder
Ölwechsel bei 35000 km
Garagenfahrzeug
MUSS IN WOHLEN AG ABGEHOLT WERDEN !!!
",4300,Kawasaki ER-6n ABS,Gegenstand ,Geringe Gebrauchsspuren ,600 Cm3,2006,KAWASAKI,ER-6n,37200,Schaltgetriebe,Benzin,Grau,NA,Angebot,2023-03-31,45423416,no
33,Kawasaki ER-6N 650,"Moto en train bon état 
Pas de travaux à prévoir
",3200,Kawasaki ER-6N 650,Gegenstand ,Geringe Gebrauchsspuren ,600 Cm3,2007,KAWASAKI,ER-6N,25000,Schaltgetriebe,Benzin,Orange,NA,Angebot,2023-03-26,47557751,no
34,Kawasaki ER6-N,"Bonjour , mise en vente Moto Kawasaki ER-6n actuellement bridée à 25kw et expertisée du 08.07.2021.
Parfaite pour jeune conducteur souhaitant faire le permis 35kw, mais possible de la débridé.
Des réparations importantes ont été faites en mai 2021 (voir facture en photo) + pneus neuf
",4599,Kawasaki ER6-N,Gegenstand ,Geringe Gebrauchsspuren ,600 Cm3,2008,KAWASAKI,ER6-N,NA,Schaltgetriebe,Benzin,Blau,NA,Angebot,2023-03-31,47555094,no
35,Kawasaki ER-6n ,"Je vends ma Kawasaki Er6-n, bridée à 35kw, peu de kilomètres, fait un joli bruit. Toujours abritée dans un garage. Petites marques des deux côtés dues à chutes à l'arrêt. Pot d'échappement Ixil homologué.
Expértisée en juillet 2021
13'579 km
600 cm3
Année: 2015
",4500,Kawasaki ER-6n ,Gegenstand ,Geringe Gebrauchsspuren ,600 Cm3,2015,KAWASAKI,ER-6N,13580,Schaltgetriebe,NA,Weiss,NA,Angebot,2023-03-25,47543439,yes
36,Kawasaki ER6-N,"Kawasaki Er6-N encore expertisée. 
Prix 3400.- à discuter 
Bridée pour le permis 35kw 
Pas de frais à prévois
",3400,Kawasaki ER6-N,Gegenstand ,Geringe Gebrauchsspuren ,600 Cm3,2007,KAWASAKI,Er6-n,34000,Schaltgetriebe,Benzin,Schwarz,NA,Angebot,2023-03-23,47494828,no
37,Kawasaki ER-6n 25kw,"Kawasaki ER-6n 650
Blanche
Puissance 25kw
Ideal pour débutant
Année 2009
Parfait état ! 
",3500,Kawasaki ER-6n 25kw,Gegenstand ,Neuwertig ,600 Cm3,NA,NA,NA,30000,NA,NA,NA,NA,Angebot,2023-03-31,47631169,no
38,Kawasaki ER-6n,"Avec pot d'origine et pot d'échappement Akrapovic !
",5200,Kawasaki ER-6n,Gegenstand ,Geringe Gebrauchsspuren ,600 Cm3,2016,KAWASAKI,ER6-n,6500,Schaltgetriebe,Benzin,NA,NA,Angebot,2023-03-28,47575847,yes
39,KAWASAKI ER-6 n,"Motorrad Zustand: Top  Die grosse Ausstellungshalle mit über 200 Occasions-Motorräder ist von Montag bis Samstag für freie Besichtigung und Verkauf geöffnet. Unser qualifiziertes Werkstattteam steht für Reparaturen und Service von Dienstag bis Freitag für Sie bereit.  3 Monate Garantie, MFK, ab Service, Eintausch, Leasing, Finanzierung, Barzahlung und Lieferung nach Absprache möglich.  Auf Wunsch und nach Absprache veranlassen wir auch die Zulassung, sobald Sie bei Ihrer Versicherung einen Versicherungsnachweis bestellt haben.  Die Bezahlung kann online, per EC oder durch Barzahlung erfolgen.  Bei Fragen oder Unsicherheiten können Sie uns telefonisch auf den Nummern 079 717 53 12 / 062 393 12 96 oder per Mail via Knopf [Anfrage] erreichen.  Jg. 2006, 649 ccm, 53 kW  Eigenschaften:  Leasing ist möglich  Eintausch ist möglich",5300,KAWASAKI ER-6 n,NA,NA,NA,2006,KAWASAKI,ER-6 n,25100,NA,NA,Orange,NA,Angebot,2023-03-26,47548301,no
40,KAWASAKI ER-6 n,"Motorrad Zustand: Top  Die grosse Ausstellungshalle mit über 200 Occasions-Motorräder ist von Montag bis Samstag für freie Besichtigung und Verkauf geöffnet. Unser qualifiziertes Werkstattteam steht für Reparaturen und Service von Dienstag bis Freitag für Sie bereit.  3 Monate Garantie, MFK, ab Service, Eintausch, Leasing, Finanzierung, Barzahlung und Lieferung nach Absprache möglich.  Auf Wunsch und nach Absprache veranlassen wir auch die Zulassung, sobald Sie bei Ihrer Versicherung einen Versicherungsnachweis bestellt haben.  Die Bezahlung kann online, per EC oder durch Barzahlung erfolgen.  Bei Fragen oder Unsicherheiten können Sie uns telefonisch auf den Nummern 079 717 53 12 / 062 393 12 96 oder per Mail via Knopf [Anfrage] erreichen.  Jg. 2008, 649 ccm, 25 kW  Eigenschaften:  Leasing ist möglich  Eintausch ist möglich",4300,KAWASAKI ER-6 n,NA,NA,NA,2008,KAWASAKI,ER-6 n,22900,NA,NA,Blau,NA,Angebot,2023-03-26,47548298,no
41,KAWASAKI ER-6 n,"Motorrad Zustand: Top  Die grosse Ausstellungshalle mit über 200 Occasions-Motorräder ist von Montag bis Samstag für freie Besichtigung und Verkauf geöffnet. Unser qualifiziertes Werkstattteam steht für Reparaturen und Service von Dienstag bis Freitag für Sie bereit.  3 Monate Garantie, MFK, ab Service, Eintausch, Leasing, Finanzierung, Barzahlung und Lieferung nach Absprache möglich.  Auf Wunsch und nach Absprache veranlassen wir auch die Zulassung, sobald Sie bei Ihrer Versicherung einen Versicherungsnachweis bestellt haben.  Die Bezahlung kann online, per EC oder durch Barzahlung erfolgen.  Bei Fragen oder Unsicherheiten können Sie uns telefonisch auf den Nummern 079 717 53 12 / 062 393 12 96 oder per Mail via Knopf [Anfrage] erreichen.  Jg. 2006, 649 ccm, 25 kW  Eigenschaften:  Leasing ist möglich  Eintausch ist möglich",4500,KAWASAKI ER-6 n,NA,NA,NA,2006,KAWASAKI,ER-6 n,58800,NA,NA,Grau,NA,Angebot,2023-03-26,47548296,no
42,KAWASAKI ER-6 n,"Motorrad Zustand: Top  Die grosse Ausstellungshalle mit über 200 Occasions-Motorräder ist von Montag bis Samstag für freie Besichtigung und Verkauf geöffnet. Unser qualifiziertes Werkstattteam steht für Reparaturen und Service von Dienstag bis Freitag für Sie bereit.  3 Monate Garantie, MFK, ab Service, Eintausch, Leasing, Finanzierung, Barzahlung und Lieferung nach Absprache möglich.  Auf Wunsch und nach Absprache veranlassen wir auch die Zulassung, sobald Sie bei Ihrer Versicherung einen Versicherungsnachweis bestellt haben.  Die Bezahlung kann online, per EC oder durch Barzahlung erfolgen.  Bei Fragen oder Unsicherheiten können Sie uns telefonisch auf den Nummern 079 717 53 12 / 062 393 12 96 oder per Mail via Knopf [Anfrage] erreichen.  Jg. 2008, 649 ccm, 53 kW  Eigenschaften:  Leasing ist möglich  Eintausch ist möglich",3900,KAWASAKI ER-6 n,NA,NA,NA,2008,KAWASAKI,ER-6 n,22900,NA,NA,Blau,NA,Angebot,2023-03-26,47548293,no
43,KAWASAKI ER-6 n,"Motorrad Zustand: Top  Die grosse Ausstellungshalle mit über 200 Occasions-Motorräder ist von Montag bis Samstag für freie Besichtigung und Verkauf geöffnet. Unser qualifiziertes Werkstattteam steht für Reparaturen und Service von Dienstag bis Freitag für Sie bereit.  3 Monate Garantie, MFK, ab Service, Eintausch, Leasing, Finanzierung, Barzahlung und Lieferung nach Absprache möglich.  Auf Wunsch und nach Absprache veranlassen wir auch die Zulassung, sobald Sie bei Ihrer Versicherung einen Versicherungsnachweis bestellt haben.  Die Bezahlung kann online, per EC oder durch Barzahlung erfolgen.  Bei Fragen oder Unsicherheiten können Sie uns telefonisch auf den Nummern 079 717 53 12 / 062 393 12 96 oder per Mail via Knopf [Anfrage] erreichen.  Jg. 2011, 649 ccm, 53 kW  Eigenschaften:  Leasing ist möglich  Eintausch ist möglich",5500,KAWASAKI ER-6 n,NA,NA,NA,2011,KAWASAKI,ER-6 n,25400,NA,NA,Weiss,NA,Angebot,2023-03-26,47548291,no
44,KAWASAKI ER-6 n,"Motorrad Zustand: Top  Die grosse Ausstellungshalle mit über 200 Occasions-Motorräder ist von Montag bis Samstag für freie Besichtigung und Verkauf geöffnet. Unser qualifiziertes Werkstattteam steht für Reparaturen und Service von Dienstag bis Freitag für Sie bereit.  3 Monate Garantie, MFK, ab Service, Eintausch, Leasing, Finanzierung, Barzahlung und Lieferung nach Absprache möglich.  Auf Wunsch und nach Absprache veranlassen wir auch die Zulassung, sobald Sie bei Ihrer Versicherung einen Versicherungsnachweis bestellt haben.  Die Bezahlung kann online, per EC oder durch Barzahlung erfolgen.  Bei Fragen oder Unsicherheiten können Sie uns telefonisch auf den Nummern 079 717 53 12 / 062 393 12 96 oder per Mail via Knopf [Anfrage] erreichen.  Jg. 2006, 649 ccm, 25 kW  Eigenschaften:  Leasing ist möglich  Eintausch ist möglich",4900,KAWASAKI ER-6 n,NA,NA,NA,2006,KAWASAKI,ER-6 n,25100,NA,NA,Orange,NA,Angebot,2023-03-26,47548285,no
45,KAWASAKI ER-6 n,"Motorrad Zustand: Top  Die grosse Ausstellungshalle mit über 200 Occasions-Motorräder ist von Montag bis Samstag für freie Besichtigung und Verkauf geöffnet. Unser qualifiziertes Werkstattteam steht für Reparaturen und Service von Dienstag bis Freitag für Sie bereit.  3 Monate Garantie, MFK, ab Service, Eintausch, Leasing, Finanzierung, Barzahlung und Lieferung nach Absprache möglich.  Auf Wunsch und nach Absprache veranlassen wir auch die Zulassung, sobald Sie bei Ihrer Versicherung einen Versicherungsnachweis bestellt haben.  Die Bezahlung kann online, per EC oder durch Barzahlung erfolgen.  Bei Fragen oder Unsicherheiten können Sie uns telefonisch auf den Nummern 079 717 53 12 / 062 393 12 96 oder per Mail via Knopf [Anfrage] erreichen.  Jg. 2006, 649 ccm, 53 kW  Eigenschaften:  Leasing ist möglich  Eintausch ist möglich",4900,KAWASAKI ER-6 n,NA,NA,NA,2006,KAWASAKI,ER-6 n,58800,NA,NA,Grau,NA,Angebot,2023-03-26,47548283,no
46,kawasaki ER-6n,"Kawasaki er6n de 2011 en super état  super joli  expertisé en 2022 pneus comme neuf, service été faite, en fin prêt à rouler quoi . 
Avec Gps Garmin, moto idéal pour débuter, très facile à manier.
53kw 
Kit pour bridé inclu.
Prix de là moto est pas négociable
vidéo sur demande!!!
",4300,kawasaki ER-6n,Gegenstand ,Geringe Gebrauchsspuren ,600 Cm3,NA,NA,NA,NA,NA,NA,NA,Kette,Angebot,2023-03-22,47429452,yes
47,Kawasaki ER-6N ABS,"Kawasaki ER-6n ABS
Expertisée en juin 2022
Année : 2013
42'000 km
",3800,Kawasaki ER-6N ABS,Gegenstand ,Geringe Gebrauchsspuren ,600 Cm3,2013,KAWASAKI,ER-6N,42000,Schaltgetriebe,NA,Schwarz,NA,Angebot,2023-03-20,47448720,yes
48,Moto Kawasaki ER-6n ABS Bleu,"Moto Kawasaki ER-6n actuellement bridée à 25kw et expertisée du 08.07.2021.
Parfaite pour jeune conducteur souhaitant faire le permis 35kw, mais possible de la débridé pour un conducteur avéré.
2 pneus neufs sont sur la moto. 
Des réparations ont été faites en mai 2021 (voir facture en photo)
",4500,Moto Kawasaki ER-6n ABS Bleu,Gegenstand ,Geringe Gebrauchsspuren ,600 Cm3,2008,KAWASAKI,ER-6n ABS,21000,Schaltgetriebe,NA,Blau,NA,Angebot,2023-03-29,47403664,yes
49,KAWASAKI ER-6 n ABS,"Ich verkaufe das Motorad für eine Freundin. Es war ein Bike zum lernen weshalb es ein paar kleine Kratzer auf den Seiten hat (am Stand umgefallen). Es sind aber Sturzpads verbaut die viel abgefangen haben.  Für eine Besichtigung steht das Bike nach Terminvereinbarung hier: Rosenweg 15, 5420 Ehrendingen  Das Bike wurde um 4 cm tiefer gelegt damit kleinere Personen perfekt zum Boden kommen. Es ist ein ideales Anfängerbike. Die Reifen sind nur 1000 km gefahren. Letzter Service war im April 2017 und seit dem wurde sie nur 7000 km gefahren. Die letzten beiden Jahre stand sie aufgebockt in der Garage.  Technisch ist die Kawasaki einwandfrei (neue Batterie gibt es bei Kauf noch dazu). Preis ist VB so wie sie da steht (ohne Service zu machen).  Das Bike ist mittlerweile abgemeldet und hat kein Kennzeichen. Probefahrt also nur am Hof/Wohnstrasse möglich.  Gepflegt, leichte Kratzer, Sturzpads, 4cm tiefer für kleine Personen  Eigenschaften:  35 kW Kit möglich",2990,KAWASAKI ER-6 n ABS,NA,NA,NA,2011,KAWASAKI,ER-6 n ABS,13500,Schaltgetriebe,Benzin,Schwarz,Hinterradantrieb,Angebot,2023-03-29,47594245,no
50,KAWASAKI ER-6 n ABS,"Eigenschaften:  Ab MFK  Direkt-/Parallelimport",5500,KAWASAKI ER-6 n ABS,NA,NA,NA,2016,KAWASAKI,ER-6 n ABS,6812,Schaltgetriebe,Benzin,Grün,Hinterradantrieb,Angebot,2023-03-29,47594196,yes
51,KAWASAKI ER-6 n ABS,"Geeignet für Einsteiger. Günstig und gut. Guter Zustand. Motorrad wird ab MFK, Service und Garantie verkauft. Fahrzeug kann auf Wunsch auch auf 25kW reduziert werden.  Ausstattung:  ABS  Doppelscheibenbremse  Extras:  Neu bereift  Eigenschaften:  25 kW Kit möglich",3990,KAWASAKI ER-6 n ABS,NA,NA,NA,2006,KAWASAKI,ER-6 n ABS,36000,Schaltgetriebe,Benzin,Schwarz,Hinterradantrieb,Angebot,2023-03-28,47575308,no
52,KAWASAKI ER-6 n ABS,"Ich verkaufe die Kawa ER6n von meiner Freundin aufgrund Neuanschaffung.   Das Bike eignet sich super für Einsteiger und zusätzlich durch die Tieferlegung, auch für kleine Personen gut geeignet (sie ist 160cm).  - 1. Inverkehrssetzung 03/2015  - 28000 km  - Kurzes Heck  - Tieferlegung (Sitz)  - Kleine Rückspiegel  - Kleine LED Blinker vorne + hinten (sequentiell)  - 53 KW (kann jedoch gedrosselt werden - durch Käufer)  - Auspuffanlage SHARK, Beiblatt vorhanden - Legal! Mega Sound  - Letzter Service Frühling 2022  - Neuer Reifen vorne  - Ganganzeige  Alle Originalteile vorhanden, diese werden mitgegeben.  Kawasaki ER-6N mit Shark Auspuff",4700,KAWASAKI ER-6 n ABS,NA,NA,NA,2015,KAWASAKI,ER-6 n ABS,28000,Schaltgetriebe,Benzin,Schwarz,Hinterradantrieb,Angebot,2023-04-01,47575258,no
53,KAWASAKI ER-6 n ABS,"Gepflegte, unfallfreie ER-6n zu verkaufen, da sie nicht mehr gebraucht wird.   Das Fahrzeug wurde im Juli 2022 vorgeführt.  Ab Platz, ohne Garantie  Eigenschaften:  Ab MFK",4200,KAWASAKI ER-6 n ABS,NA,NA,NA,2016,KAWASAKI,ER-6 n ABS,14028,Schaltgetriebe,Benzin,Schwarz,Hinterradantrieb,Angebot,2023-03-27,47560851,yes
54,KAWASAKI ER-6 n ABS,"Idéale pour débuter. Moto très maniable.  Equipée de crashpads.  Legères griffures côté gauche (voir photo) suite à une chute à l'arrêt.",4750,KAWASAKI ER-6 n ABS,NA,NA,NA,2015,KAWASAKI,ER-6 n ABS,24303,Schaltgetriebe,Benzin,Weiss,Hinterradantrieb,Angebot,2023-03-19,47443540,no
55,KAWASAKI ER-6 n ABS,"Guter Zustand, tolles Fahrzeug für Lernfahrende und Frauen! - Preis verhandelbar -",3900,KAWASAKI ER-6 n ABS,NA,NA,NA,2014,KAWASAKI,ER-6 n ABS,43570,Schaltgetriebe,Benzin,Schwarz,Hinterradantrieb,Angebot,2023-03-23,47380029,no
56,Moto Kawasaki ER-6n ABS,"Moto maniable et agréable à conduire, débridée
Toujours dans un garage
Service fait à 36000
Faibles traces d'usures car tombée à l'arrêt (voir photos)
Expertisée
",3200,Moto Kawasaki ER-6n ABS,Gegenstand ,Geringe Gebrauchsspuren ,600 Cm3,2009,KAWASAKI,ER-6n,37000,Schaltgetriebe,Benzin,Weiss,Kette,Angebot,2023-04-01,47642466,yes
57,KAWASAKI ER-6 n ABS,"Ab grossem Service  hinter Reifen ersetzt  Ausstattung:  ABS  Doppelscheibenbremse  Extras:  Neu bereift  Eigenschaften:  Ab MFK  25 kW Kit vorhanden  Leasing ist möglich  Eintausch ist möglich  35 kW Kit vorhanden",3900,KAWASAKI ER-6 n ABS,NA,NA,NA,2007,KAWASAKI,ER-6 n ABS,37446,Schaltgetriebe,Benzin,Schwarz,Hinterradantrieb,Angebot,2023-03-24,47523836,yes
58,KAWASAKI ER-6 n ABS,"Ab grossem Service   Hinten neu bereift  Ausstattung:  ABS  Doppelscheibenbremse  Extras:  Neu bereift  Eigenschaften:  Ab MFK  Leasing ist möglich  Eintausch ist möglich",3900,KAWASAKI ER-6 n ABS,NA,NA,NA,2007,KAWASAKI,ER-6 n ABS,37446,Schaltgetriebe,Benzin,Schwarz,Hinterradantrieb,Angebot,2023-03-23,47507436,yes
59,KAWASAKI ER-6 n ABS,"Motorrad wird verkauft, da die Zeit zum Motorradfahren fehlt. Wurde letztes Jahr geprüft.   Wurde etwas tiefergesetzt für eine Frau mit eher kurzen Beinen.  Kleine Kratzspuren, aber sonst in tiptopem Zustand.  Kann Probegefahren werden.  Tiefergelegt  Eigenschaften:  Ab MFK  25 kW Kit möglich  35 kW Kit möglich",4200,KAWASAKI ER-6 n ABS,NA,NA,NA,2009,KAWASAKI,ER-6 n ABS,17000,Schaltgetriebe,Benzin,Weiss,Hinterradantrieb,Angebot,2023-03-05,47194903,yes
60,KAWASAKI ER-6 n ABS (25kW),"Il veicolo ha 13.920 Km, è in ottime condizioni ed è visibile nel nostro show-room a Camorino.  30 giorni di garanzia inclusi, estendibili fino a 24 mesi.  È possibile acquistare con un finanziamento personalizzato.  Questo veicolo è stato selezionato tra migliaia di moto d’occasione per essere esposto in conto vendita nel nostro showroom. Da noi trovi molti altri veicoli in conto vendita sottoposti ad un attento controllo tecnico.  Il pacchetto “messa in strada” ha un costo di soli 250chf e comprende: controllo dei livelli, cambio liquido freni, pieno di benzina, pratiche di immatricolazione e collaudo.  ----------------------------------------------------------------------------  The vehicle has 13.920 Km, it’s in very good conditions and it can be seen in our show-room in Camorino (Bellinzona).  30 days of warranty are included. Extension is possible up to 24 months.  Monthly payment can be accorded.  On sale on behalf of a private, this vehicle has been selected among the thousands for sale in Ticino, to be displayed and sold in our center. You can find many other vehicles, all checked and selected by us.  The preparation fee is 250chf and includes, fluids level check, brake fluid replacement, full tank, registration procedures, official technical inspection (MFK).   Proprietà veicolo:  Collaudata  Leasing posibbile",4490,KAWASAKI ER-6 n ABS (25kW),NA,NA,NA,2011,KAWASAKI,ER-6 n ABS (25kW),13920,Schaltgetriebe,Benzin,Weiss,Hinterradantrieb,Angebot,2023-01-13,46447124,yes
61,KAWASAKI ER-6 n ABS,"Sehr schöne ER6N ABS mit folgendem Zubehör:  - Heckumbau mit LED Nr.bel.  - LED Blinker  - Lenkerspiegel  - Ständeraufnahmen  - Racing Felgenband  - Ganganzeige  - Tankdeckelcover  - Sturzpäds  - Softsitz Kawasaki  - Windschield Kawasaki  - Akrapovic Auspuff mit super Sound  - Neue Batterie  - Neue Pneus  - Frisch ab MFK  - Frisch ab Service  - Originalauspuff und Spiegel vorhanden  - 3 Monate Garantie  - 25kW gegen Aufpreis  AKRAPOVIC  Ausstattung:  ABS  Doppelscheibenbremse  Windschild  Extras:  Neu bereift  Eigenschaften:  Ab MFK  25 kW Kit möglich  Leasing ist möglich  Eintausch ist möglich  35 kW Kit möglich",4500,KAWASAKI ER-6 n ABS,NA,NA,NA,2006,KAWASAKI,ER-6 n ABS,27400,Schaltgetriebe,Benzin,Grau,Hinterradantrieb,Angebot,2023-03-03,47166722,yes
62,A vendre Kawasaki ER-6n 650cm3,"A vendre belle Kawasaki ER-6n 650cm3 avec batterie neuve, très bien entretenue, a toujours dormi à l'intérieur. Pneu arrière neuf. La chaîne et les pignons ont été remplacés.
Jamais accidentée. 2 top-cases en plus.
Sera expertisée du jour.
A venir voir à Aigle
Pas sérieux s'abstenir
",4000,A vendre Kawasaki ER-6n 650cm3,Gegenstand ,Geringe Gebrauchsspuren ,600 Cm3,2009,KAWASAKI,ER-6n,28000,Schaltgetriebe,Benzin,Weiss,Kette,Angebot,2023-03-28,47158338,yes
63,KAWASAKI ER-6 n ABS,"Das Motorrad war stehts beim Fachhändler im Service.  Die Originalteile (Auspuffanlage, Heck sowie Spiegel) sind in einwandfreiem Zustand vorhanden und werden mitabgegeben.   Ein Heckständer (im Wert von knapp CHF 100.-) sowie eine Abdeckplane Indoor (im Wert von CHF 80.-) sind kostenlos inbegriffen.  ***inkl. Akrapovic Auspuffanlage, Heck-, Blinker- und Spiegelumbau***",4900,KAWASAKI ER-6 n ABS,NA,NA,NA,2012,KAWASAKI,ER-6 n ABS,12672,Schaltgetriebe,Benzin,Weiss,Hinterradantrieb,Angebot,2023-03-30,47109412,no
64,KAWASAKI ER-6 n ABS (25kW),"Propriétés véhicule:  Expertisée  25 kW Kit disponible  Leasing possible",3700,KAWASAKI ER-6 n ABS (25kW),NA,NA,NA,2009,KAWASAKI,ER-6 n ABS (25kW),12458,Schaltgetriebe,Benzin,Weiss,Hinterradantrieb,Angebot,2023-03-26,47548117,yes
65,Kawasaki Er-6n noir,"Parfaite pour passé le permis de conduire et autre.
Quelques petite griffures, pas très grande. (De côté et une vers le réservoir)
La moto est bridée à 25Kw mais peut être débridée à 53Kw.
",4000,Kawasaki Er-6n noir,Gegenstand ,Geringe Gebrauchsspuren ,600 Cm3,2011,KAWASAKI,Er-6n,9900,NA,NA,Schwarz,NA,Angebot,2023-03-06,46516795,no
66,KAWASAKI ER-6 n ABS (35kW),"-Leichte Schäden an der rechten Seite des Tankes  -Einen Schlüssel für das Fahrzeug",4500,KAWASAKI ER-6 n ABS (35kW),NA,NA,NA,2017,KAWASAKI,ER-6 n ABS (35kW),27572,Schaltgetriebe,Benzin,Grün,Hinterradantrieb,Angebot,2023-03-28,47575328,no
67,KAWASAKI ER-6 n ABS (35kW),"Ein sehr schönes Motorrad in sehr Gutem Zustand.  Kann mit Anmeldung gerne Besichtigt werden und bei sehr starkem Interesse auch getestet werden. (Anmeldung erforderlich)  Folgendes wurde frisch gemacht:  -Service (Oel, Oelfilter, Kerzen, Luftfilter, Bremsflüssigkeit usw.)  -Neue Pneu Hinten und Vorne (Pirelli Rosso 3)  -Neues Ketten Kit  -Motorrad wird noch frisch geprüft (MFK)  Zubehör:  -Blinker und Heckumbau  -andere Spiegel montiert  Fahrzeug ist auf 35kW gedrosselt.   Für einen Aufpreis von 150.- CHF kann das Motorrad entdrosselt werden.  (Alle Fotos, Preise und Angaben ohne Gewähr) / (manuell KG)  Extras:  Neu bereift",5490,KAWASAKI ER-6 n ABS (35kW),NA,NA,NA,2015,KAWASAKI,ER-6 n ABS (35kW),25700,Schaltgetriebe,Benzin,Schwarz,Hinterradantrieb,Angebot,2023-03-26,47548196,no
68,KAWASAKI ER-6 n ABS IXIL,"Vielen Dank, dass du dich für unser Fahrzeug interessierst!  Hier die Details zum von dir gesuchten Motorrad:  - kurzer Kennzeichenhalter  - LED-Blinker  - Lenkerendspiegel  - Sportauspuffanlage  - getöntes Windschild  - Crash-Pads  Alle unsere Motorräder werden ab Service, sauber aufbereitet und ab MFK verkauft.  Wir bieten auf jedes Motorrad mindestens 3 Monate Garantie ab Übernahme.  Interessiert an Eintausch und Finanzierung? Beides ist bei uns möglich. Gerne unterbreiten wir dir für dieses Bike deine persönliche Leasing- oder Finanzierungsofferte.  Besuche uns oder ruf an! Gerne sind wir von Montag bis Samstag während den Öffnungszeiten für dich da. Wir sind dir dankbar, wenn du die Besichtigung/Probefahrt vorher anmeldest.  Nous parlons français.  We speak English.  Parliamo italiano.  Hablamos espanol.  Und natürlich auch Schweizerdeutsch.  Besuche uns auf mototech.ch!  Dort findest du sämtliche Fahrzeuge und weitere Angebote in einer übersichtlichen Tabelle. Lass dich vom grossen Sortiment an Neu-, Demo- und Occasions-Fahrzeugen überraschen.  mototech.ch / Zwei Räder. Eine Leidenschaft.  Preise inkl. 7.7% MWST. Preisänderung, Zwischenverkauf und Irrtum vorbehalten.  ***ab Service und MFK***  Eigenschaften:  Ab MFK  Leasing ist möglich  Eintausch ist möglich  35 kW Kit möglich",6380,KAWASAKI ER-6 n ABS IXIL,NA,NA,NA,2014,KAWASAKI,ER-6 n ABS IXIL,11400,Schaltgetriebe,Benzin,Weiss,Hinterradantrieb,Angebot,2023-03-01,46875850,yes
69,Kawasaki ER6-N,"Avec crash pad + clignoteur Led + pot ixil homologué avec fiche homologation + possibilité de bridage à 35kw + support de plaque amélioré
Pneu avant neuf, pneu arrière très bon 80-90% env
État impaccable, expertisée 10/2021
",5000,Kawasaki ER6-N,Gegenstand ,Neuwertig ,600 Cm3,2016,KAWASAKI,ER6-N,9000,NA,NA,NA,NA,Angebot,2023-03-17,43303751,yes
70,KAWASAKI ER-6 n ABS (25/53KW) LEO VINCE,"Vielen Dank, dass du dich für unser Fahrzeug interessierst!  Hier die Details zum von dir gesuchten Motorrad:  - kurzer Kennzeichenhalter  - LED-Blinker  - Lenkerendspiegel  - Sportauspuffanlage  Alle unsere Motorräder werden ab Service, sauber aufbereitet und ab MFK verkauft.  Wir bieten auf jedes Motorrad mindestens 3 Monate Garantie ab Übernahme.  Interessiert an Eintausch und Finanzierung? Beides ist bei uns möglich. Gerne unterbreiten wir dir für dieses Bike deine persönliche Leasing- oder Finanzierungsofferte.  Besuche uns oder ruf an! Gerne sind wir von Montag bis Samstag während den Öffnungszeiten für dich da. Wir sind dir dankbar, wenn du die Besichtigung/Probefahrt vorher anmeldest.  Nous parlons français.  We speak English.  Parliamo italiano.  Hablamos espanol.  Und natürlich auch Schweizerdeutsch.  Besuche uns auf mototech.ch!  Dort findest du sämtliche Fahrzeuge und weitere Angebote in einer übersichtlichen Tabelle. Lass dich vom grossen Sortiment an Neu-, Demo- und Occasions-Fahrzeugen überraschen.  mototech.ch / Zwei Räder. Eine Leidenschaft.  Preise inkl. 7.7% MWST. Preisänderung, Zwischenverkauf und Irrtum vorbehalten.  ***ab Service und MFK***  Eigenschaften:  Ab MFK  Leasing ist möglich  Eintausch ist möglich  35 kW Kit möglich  35 kW Kit vorhanden",4980,KAWASAKI ER-6 n ABS (25/53KW) LEO VINCE,NA,NA,NA,2011,KAWASAKI,ER-6 n ABS (25/53KW) LEO VINCE,19900,Schaltgetriebe,Benzin,Grün,Hinterradantrieb,Angebot,2023-04-01,47638846,yes
71,KAWASAKI ER-6 n,"Frisch ab MFK - Frisch ab Service - Leichte Kratzer auf der rechten Seite   Ausstattung:  Doppelscheibenbremse  Eigenschaften:  Ab MFK  25 kW Kit möglich",3480,KAWASAKI ER-6 n,NA,NA,NA,2007,KAWASAKI,ER-6 n,37200,Schaltgetriebe,Benzin,Schwarz,Hinterradantrieb,Angebot,2023-02-19,46392716,yes
72,KAWASAKI ER-6 n ABS (35kW),"Sehr schöne Kawasaki Er-6n mit 35Kw. Ab Service, wird bei Verkauf frisch vorgeführt.  Eigenschaften:  Ab MFK  Leasing ist möglich  Eintausch ist möglich",4950,KAWASAKI ER-6 n ABS (35kW),NA,NA,NA,2015,KAWASAKI,ER-6 n ABS (35kW),20230,Schaltgetriebe,Benzin,Weiss,Hinterradantrieb,Angebot,2023-03-10,47274322,yes
73,Kawasaki ER6-N ABS (35KW) 2016,"ER6-N ABS bridée à 35kw. idéal pour passer son permis et faire des cols. Expertisée le 12.05.2022
Entièrement d'origine, quelques griffures sur le côté (photo) 
moto entretenue. 
",4200,Kawasaki ER6-N ABS (35KW) 2016,Gegenstand ,Geringe Gebrauchsspuren ,600 Cm3,2016,KAWASAKI,ER6 N,17800,Schaltgetriebe,NA,Schwarz,Kette,Angebot,2023-03-28,46632575,yes
74,Kawasaki ER-6N ABS Akrapovic,"ER-6N ABS 650 de 2016, 53kw, 72cv, 25'000 km
Expertisée 06.2022
Pot échappement Akrapovic + origine + origine sans chicane
Rétroviseur sport + origine
Capot de selle arrière vert + selle arrrière
Poignées de frein et embrayage réglables
Indicateur de vitesses engagées
Eclairage LED
Support plaque arr court + origine
2 bulles (origine, comme photos et haute)
Possibilité d'être remise comme d'origine, selon souhait de l'acheteur. Toutes les pièces d'origine sont livrées avec. 
Pneus av + arr 1’500 km, service du jour. 
Possibilité de la mettre en A1-35kw sans frais supplémentaires.
Aucune raye, dort dans son garage. Moto très légère pour débutants (206 kg) mais aussi très affutée pour experts. 
",5100,Kawasaki ER-6N ABS Akrapovic,Gegenstand ,Neuwertig ,600 Cm3,2016,KAWASAKI,ER-6N,25000,Schaltgetriebe,NA,Schwarz,Kette,Angebot,2023-03-23,45991103,yes
75,KAWASAKI ER-6 n ABS (35kW),"Kawasaki ER-6N 35KW  Le moto est visible chez Moto Factory:  1400 Yverdon-les-Bains,  Rue Cordey 26.  NATEL: 076 339 87 10  Téléphone : 024 425 40 42  35KW  Propriétés véhicule:  Expertisée",4500,KAWASAKI ER-6 n ABS (35kW),NA,NA,NA,2015,KAWASAKI,ER-6 n ABS (35kW),32170,Schaltgetriebe,Benzin,Grün,Hinterradantrieb,Angebot,2023-02-02,46718831,yes
76,KAWASAKI ER-6 n ABS,"Wir von der Moto Welt GmbH bieten dir eine grosse Auswahl an neuen und gebrauchten Motorrädern.   Unser Showroom verteilt sich auf über 600m²  Besuche uns während unseren Öffnungszeiten in Neftenbach und bestaune alle inserierten Fahrzeuge vor Ort.   Wir freuen uns auf dich.   Ab Service und mit Garantie  Eigenschaften:  Eintausch ist möglich",5290,KAWASAKI ER-6 n ABS,NA,NA,NA,2016,KAWASAKI,ER-6 n ABS,3300,Schaltgetriebe,Benzin,Grau,Hinterradantrieb,Angebot,2022-11-25,45861338,no
77,KAWASAKI ER-6 n ABS (25kW),"Schöne gepflegte ER 6 frisch ab MFK .Ab 18 Jahren  Ab 18 Jahren  Ausstattung:  ABS  Doppelscheibenbremse  Eigenschaften:  Ab MFK  25 kW Kit vorhanden",3590,KAWASAKI ER-6 n ABS (25kW),NA,NA,NA,2008,KAWASAKI,ER-6 n ABS (25kW),26270,Schaltgetriebe,Benzin,Grün,Hinterradantrieb,Angebot,2023-03-03,46718819,yes
78,KAWASAKI ER-6 n ABS (25kW),"absolut Neuwertig,keine Kratzer usw,neu Bereift und ab Service,6 Monate Garantie  Ausstattung:  ABS  Doppelscheibenbremse",4950,KAWASAKI ER-6 n ABS (25kW),NA,NA,NA,2009,KAWASAKI,ER-6 n ABS (25kW),6050,Schaltgetriebe,Benzin,Schwarz,Hinterradantrieb,Angebot,2023-01-03,46307936,no
79,KAWASAKI ER-6 n ABS (25kW),"3 Monate Garntie  Kilometer nur600!!Neuwertiger Zustand,ab Service,Akrapovic mit Beiblatt Heckumbau  Eigenschaften:  25 kW Kit vorhanden  Eintausch ist möglich",5900,KAWASAKI ER-6 n ABS (25kW),NA,NA,NA,2015,KAWASAKI,ER-6 n ABS (25kW),602,Schaltgetriebe,Benzin,Schwarz,Hinterradantrieb,Angebot,2023-01-03,46307934,no
80,Kawasaki er6-n,"Je vends mon ER6-n (53kw) car je ne l'utilise plus.
Moto en super état qui a dormi dans un garage et qui a reçu plein de bon soins (Kit chaîne, embrayage, bougies, batterie, ..) factures à l'appui!
",1900,Kawasaki er6-n,Gegenstand ,Geringe Gebrauchsspuren ,600 Cm3,2007,KAWASAKI,ER6-n,34094,Schaltgetriebe,Benzin,Schwarz,NA,Angebot,2023-03-27,45531748,yes
81,Kawasaki Er6-N,"Er6-n ideal pour debutant, très maniable, Non bridé.
Expertisé en 2021
Avec poignées chauffante, selle confort, port usb, gps.
",1800,Kawasaki Er6-N,Gegenstand ,Starke Gebrauchsspuren ,600 Cm3,2006,KAWASAKI,Er6-n,58000,Schaltgetriebe,Benzin,Schwarz,NA,Angebot,2023-03-19,45221282,no
82,KAWASAKI ER-6 n,"CARNET DE SERVI CE A JOUR DEPUIS LE DEBUT,DERNIER SERVICE FAIT 800 CHF  Equipement:  Double frein à disque  Propriétés véhicule:  Expertisée",2800,KAWASAKI ER-6 n,NA,NA,NA,2006,KAWASAKI,ER-6 n,89500,Schaltgetriebe,Benzin,Grau,Hinterradantrieb,Angebot,2023-02-01,44956963,yes
83,Kawasaki ER-6n  650 à vendre,"kawasaki ER-6n 650 à vendre .
Année 30-04-2014
Moto en parfait état , jamais roulé en hiver et jamais tombé ( Pas une égratinure)
expertisé le 24-06-2022, pneus quasiment neuf et service effectué pour l'expertise 
je la vends car je  l'utilise très peu. 
Curieux s'abstenir ( s'il vous plaît)
",4500,Kawasaki ER-6n  650 à vendre,Gegenstand ,Neuwertig ,600 Cm3,2014,KAWASAKI,ER-6n,6500,Schaltgetriebe,Benzin,Grün,Kette,Angebot,2023-03-24,45012683,yes
84,KAWASAKI ER-6 n ABS,"Wir von der Moto Welt GmbH bieten dir eine grosse Auswahl an neuen und gebrauchten Motorrädern.   Unser Showroom verteilt sich auf über 600m²  Besuche uns während unseren Öffnungszeiten in Neftenbach und bestaune alle inserierten Fahrzeuge vor Ort.   Wir freuen uns auf dich.   Ab Service und mit Garantie  Ausstattung:  ABS  Doppelscheibenbremse  Eigenschaften:  Eintausch ist möglich",3790,KAWASAKI ER-6 n ABS,NA,NA,NA,2006,KAWASAKI,ER-6 n ABS,23000,Schaltgetriebe,Benzin,Gelb,Hinterradantrieb,Angebot,2022-09-21,45020391,no
85,KAWASAKI ER-6n ABS tiefergelegt,"- 3cm Tiefergelegt  - SW Motech Sturzpads - Auch als offene Version möglich! + Fr. 350.-  Tiefergelegt.... Super Einsteigertöff!  Ausstattung:  ABS  Doppelscheibenbremse  Eigenschaften:  Ab MFK  25 kW Kit vorhanden  Leasing ist möglich",4950,KAWASAKI ER-6n ABS tiefergelegt,NA,NA,NA,2009,KAWASAKI,ER-6n ABS tiefergelegt,8085,Schaltgetriebe,Benzin,Grün,Hinterradantrieb,Angebot,2023-03-01,41241669,yes
86,KAWASAKI ER-6 n ABS,"kurzes Heck / LED Blinker / Sturzpads / Lenkerendspiegel / ab MFK / 3 Monate Garantie (1000 Km)  Eigenschaften:  Ab MFK  Direkt-/Parallelimport  Leasing ist möglich  Eintausch ist möglich",5900,KAWASAKI ER-6 n ABS,NA,NA,NA,2016,KAWASAKI,ER-6 n ABS,11000,Schaltgetriebe,Benzin,Grün,Hinterradantrieb,Angebot,2022-09-04,44800798,yes
87,Kawasaki er6n abs unique expertise 31/08/2022,"Kawasaki er6n abs de 2008.
61000 km
Poignee chauffante.
Retroviseurs Versys.
Feux avant led.
Indicateur de rapport engage.
Support Telephone.
Sellerie confort.
Coussin de selle.
Top case 48l.
",2990,Kawasaki er6n abs unique expertise 31/08/2022,Gegenstand ,Geringe Gebrauchsspuren ,600 Cm3,2008,KAWASAKI,er6n,61000,Schaltgetriebe,Benzin,Grau,Kette,Angebot,2023-03-17,43977055,no
88,KAWASAKI ER-6 n ABS,"- Sturzpads - Auch als 25kW Version möglich! + Fr. 350.-  Super Einsteigertöff!  Eigenschaften:  Ab MFK  25 kW Kit möglich  Leasing ist möglich",5250,KAWASAKI ER-6 n ABS,NA,NA,NA,2010,KAWASAKI,ER-6 n ABS,7770,Schaltgetriebe,Benzin,Schwarz,Hinterradantrieb,Angebot,2023-03-01,44647355,yes
89,Kawasaki ER-6n,"Bonjour je vend ma moto
",NA,Kawasaki ER-6n,Gegenstand ,Geringe Gebrauchsspuren ,600 Cm3,2012,KAWASAKI,ER-6n,25000,Schaltgetriebe,Benzin,Schwarz,Kette,Angebot,2023-03-15,44493124,no
90,KAWASAKI ER-6 n ABS,"Eintauschfahrzeuge sind willkommen  Ab Service und MFK  3 Monate Garantie  Lenkerendspiegel  Barracuda Sturzpads  Eintauschfahrzeuge sind willkommen!  Eigenschaften:  Ab MFK  Leasing ist möglich  Eintausch ist möglich",4800,KAWASAKI ER-6 n ABS,NA,NA,NA,2013,KAWASAKI,ER-6 n ABS,20405,Schaltgetriebe,Benzin,Grün,Hinterradantrieb,Angebot,2022-08-28,44498477,yes
91,KAWASAKI ER-6 n ABS,"Eigenschaften:  Ab MFK",4400,KAWASAKI ER-6 n ABS,NA,NA,NA,2012,KAWASAKI,ER-6 n ABS,11900,Schaltgetriebe,Benzin,Schwarz,Hinterradantrieb,Angebot,2022-08-05,44432424,yes
92,KAWASAKI ER-6 n ABS (35kW),Das Motorrad kann auf Anfrage auf 53kW entdrosselt werden.,4990,KAWASAKI ER-6 n ABS (35kW),NA,NA,NA,2016,KAWASAKI,ER-6 n ABS (35kW),18000,Schaltgetriebe,Benzin,Schwarz,Hinterradantrieb,Angebot,2023-03-08,45229802,no
93,Kawasaki ER6N ABS année 2016 6000 km expertisée du jour,"Kawasaki ER6N ABS, année 2016, 6000 km, 650CC, 53 KW, pneus neuf, service a jour, expertisée du jour, en super bon état.
",5900,Kawasaki ER6N ABS année 2016 6000 km expertisée du jour,Gegenstand ,Neuwertig ,600 Cm3,2016,KAWASAKI,ER6N 650CC,6000,Schaltgetriebe,Benzin,Schwarz,Hinterradantrieb,Angebot,2023-03-27,43077617,yes
94,KAWASAKI ER-6 n ABS,"Im Kundenauftrag zu verkaufen.ch  Tieferlegung verbaut.  ab Service und MFK  Eigenschaften:  Ab MFK  25 kW Kit möglich",3900,KAWASAKI ER-6 n ABS,NA,NA,NA,2011,KAWASAKI,ER-6 n ABS,9600,Schaltgetriebe,Benzin,Schwarz,Hinterradantrieb,Angebot,2022-11-26,44585836,yes
95,KAWASAKI ER-6 n,"Im Kundenauftrag zu verkaufen.  Das Fahrzeug ist in einem gepflegten zustand. Ab Service und wird noch frisch geprüft.  Ausstattung:  Doppelscheibenbremse  Extras:  Neu bereift  Eigenschaften:  Ab MFK",3500,KAWASAKI ER-6 n,NA,NA,NA,2007,KAWASAKI,ER-6 n,31000,Schaltgetriebe,Benzin,Grau,Hinterradantrieb,Angebot,2022-10-26,43548709,yes
96,KAWASAKI ER-6 n ABS,"Hiermit verkaufe ich eine Kawasaki ER-6n mit ABS. Das Fahrzeug zeichnet sich durch folgende Merkmale aus:  - Gepflegt   - Unfallfrei  - Ab Service   - Ab Mfk  - Schwarze Windschutzscheibe   - Gute Reifen  ** Lieferung gegen Aufpreis möglich **  ** Finanzierung möglich **  ** Quality 1 Garantie gegen Aufpreis möglich **  ** Besichtigung nur mit Terminvereinbarung **  Top Zustand  Eigenschaften:  Ab MFK  25 kW Kit möglich  Leasing ist möglich  Eintausch ist möglich  35 kW Kit möglich",5200,KAWASAKI ER-6 n ABS,NA,NA,NA,2014,KAWASAKI,ER-6 n ABS,9200,Schaltgetriebe,Benzin,Gelb,Hinterradantrieb,Angebot,2023-03-23,43569798,yes
97,KAWASAKI ER-6 n ABS (35kW),"Est vendue avec service fait, pneus neufs et expertise du jour.  Moto bridée 35Kw, parfaite pour passer le permis et débuter la moto!  Propriétés véhicule:  Expertisée",5100,KAWASAKI ER-6 n ABS (35kW),NA,NA,NA,2012,KAWASAKI,ER-6 n ABS (35kW),22150,Schaltgetriebe,Benzin,Weiss,Hinterradantrieb,Angebot,2022-10-22,43931735,yes
98,KAWASAKI ER-6 n ABS (25kW),"Ab Service -neue Bremsscheiben vorne -neue Batterie, Incl.: -Betriebsanleitung -Reserveschlüssel;  Im Auftrag zu Verkaufen.  Ausstattung:  ABS  Doppelscheibenbremse",3800,KAWASAKI ER-6 n ABS (25kW),NA,NA,NA,2006,KAWASAKI,ER-6 n ABS (25kW),38450,Schaltgetriebe,Benzin,Grau,Hinterradantrieb,Angebot,2023-03-30,44032191,no
99,Kawasaki ER-6n 25 KW,"Er-6n 650cm3 25kw avec possibilité de débrider, peinture complète, prête pour la route.
Service complet effectué, pneus neufs, fourche avant refaite, pompe à eau refaite, support de plaque et feux avec petits clignotants, selle refaite et d’autres détails a voir sur place.
D’autres photos sur demande,
À venir voir sur place.
",4350,Kawasaki ER-6n 25 KW,Gegenstand ,Geringe Gebrauchsspuren ,600 Cm3,2006,KAWASAKI,ER-6n,38000,NA,Benzin,NA,Kette,Angebot,2023-03-23,42780970,no
100,KAWASAKI ER-6 n,"Frisch ab Service und frisch ab MFK,LED Blinker,kurze Aluheck,sport Bremsscheibe.6 Monate Garantie.Transport bis 100KM GRATIS  Ausstattung:  Doppelscheibenbremse  Eigenschaften:  Ab MFK",3790,KAWASAKI ER-6 n,NA,NA,NA,2006,KAWASAKI,ER-6 n,20100,Schaltgetriebe,Benzin,Silber,Hinterradantrieb,Angebot,2023-01-09,40746746,yes
101,KAWASAKI ER-6 n (25kW),"Kawasaki ER-6n 25kW  Finanzierung, Eintausch möglich..  - Heckumbau  - Sturzpads  - frisch ab Service  - Fahrzeug ab MFK  - Eine Besichtigung Lohnt sich!  Transport möglich, nach Absprache!  !!!WICHTIG!!!  Für Fahrzeugbesichtigungen bitte telefonisch ein Termin vereinbaren.  Verschiedene Neufahrzeuge und gepflegte Occasionen ab Lager verfügbar..   Ausstattung:  Doppelscheibenbremse  Eigenschaften:  Ab MFK  25 kW Kit vorhanden  Leasing ist möglich  Eintausch ist möglich",3990,KAWASAKI ER-6 n (25kW),NA,NA,NA,2006,KAWASAKI,ER-6 n (25kW),32000,Schaltgetriebe,Benzin,Gelb,Hinterradantrieb,Angebot,2022-10-28,41970013,yes
102,KAWASAKI ER-6 n ABS,"Mit kurzem Nummernhalterund Sturzpad .  Ab Service, ab MFK , 3 Monate Garantie   Eigenschaften:  Ab MFK  Leasing ist möglich",4900,KAWASAKI ER-6 n ABS,NA,NA,NA,2011,KAWASAKI,ER-6 n ABS,13200,Schaltgetriebe,Benzin,Grün,Hinterradantrieb,Angebot,2021-10-21,40732924,yes
103,"Moto Kawasaki ER-6n, 2009, 13'000 km","A vendre moto Moto Kawasaki ER-6 en très bon état.
Année 2009
13'000 km
ABS
53 KW mais possibilité de brider pour 200CHF permis circulation inclus.
De suite ou à convenir
Service complet (il y a moins de 1'000 km)
Expertise avril 2021 (il y a moins de 1'000 km)
",3500,"Moto Kawasaki ER-6n, 2009, 13'000 km",Gegenstand ,Geringe Gebrauchsspuren ,600 Cm3,2009,KAWASAKI,ER-6n,13000,Schaltgetriebe,Benzin,Schwarz,Kette,Angebot,2023-04-01,41687587,yes
104,KAWASAKI ER-6 n ABS,"Das Motorrad ist ab grossem Service und MFK. Hat eine beule im Tank.  Wird im Kundenauftrag verkauft. Bei fragen Abächerli Ruedi: 079 509 54 77  Eigenschaften:  25 kW Kit möglich",4900,KAWASAKI ER-6 n ABS,NA,NA,NA,2010,KAWASAKI,ER-6 n ABS,12500,Schaltgetriebe,Benzin,Grün,Hinterradantrieb,Angebot,2021-07-22,39653807,no
